from,to,datetime_stamp,call_duration,status,source_department,destination_department,call_type,rate_per_min,cost
412,450,2026-04-15 16:02:19,858,pickedup,Finance,Transport,Internal,0.5,7.15
401,339,2026-04-11 14:20:53,1288,pickedup,Marketing,Marketing,Internal,0.5,10.73
476,335,2026-03-07 06:25:23,46,pickedup,Marketing,Manufacturing,Internal,0.5,0.38
455,437,2026-03-25 04:33:04,0,notpickedup,IT,Finance,Internal,0.5,0.0
400,316,2026-07-16 00:39:48,0,notpickedup,Marketing,Manufacturing,Internal,0.5,0.0
318,307,2026-01-18 14:03:19,590,pickedup,Transport,Transport,Internal,0.5,4.92
314,354,2026-01-10 07:21:20,0,notpickedup,Marketing,Marketing,Internal,0.5,0.0
343,374,2026-08-09 10:19:37,0,notpickedup,Manufacturing,Finance,Internal,0.5,0.0
320,384,2026-03-13 13:54:13,588,pickedup,Manufacturing,IT,Internal,0.5,4.9
443,358,2026-06-21 13:45:13,1244,pickedup,Marketing,IT,Internal,0.5,10.37
353,363,2026-02-06 00:11:07,664,pickedup,Finance,Transport,Internal,0.5,5.53
340,392,2026-03-28 23:53:07,143,pickedup,IT,Transport,Internal,0.5,1.19
473,408,2026-07-25 09:26:50,377,pickedup,Marketing,IT,Internal,0.5,3.14
472,421,2026-02-22 08:18:29,723,pickedup,Transport,Finance,Internal,0.5,6.03
424,423,2026-05-10 19:42:46,0,engaged,IT,Manufacturing,Internal,0.5,0.0
328,327,2026-01-16 10:03:02,0,notpickedup,Transport,Transport,Internal,0.5,0.0
326,356,2026-02-06 02:49:16,0,notpickedup,Finance,IT,Internal,0.5,0.0
400,347,2026-03-07 11:29:47,491,pickedup,Marketing,Finance,Internal,0.5,4.09
422,471,2026-04-22 08:42:45,0,engaged,Transport,IT,Internal,0.5,0.0
332,412,2026-02-13 20:46:12,321,pickedup,Marketing,Finance,Internal,0.5,2.67
472,335,2026-07-31 23:35:03,1617,pickedup,Transport,Manufacturing,Internal,0.5,13.47
402,456,2026-04-06 01:28:15,608,pickedup,IT,Finance,Internal,0.5,5.07
303,427,2026-03-07 19:16:56,261,pickedup,Marketing,Manufacturing,Internal,0.5,2.17
394,347,2026-08-07 05:47:32,0,notpickedup,Manufacturing,Finance,Internal,0.5,0.0
439,331,2026-06-10 04:36:03,373,pickedup,IT,Marketing,Internal,0.5,3.11
353,431,2026-01-20 01:54:12,1534,pickedup,Finance,Manufacturing,Internal,0.5,12.78
314,476,2026-02-04 19:55:39,1645,pickedup,Marketing,Marketing,Internal,0.5,13.71
400,408,2026-04-17 00:44:03,662,pickedup,Marketing,IT,Internal,0.5,5.52
313,396,2026-06-04 01:23:39,848,pickedup,Finance,Marketing,Internal,0.5,7.07
371,430,2026-05-25 05:43:05,0,engaged,IT,IT,Internal,0.5,0.0
426,360,2026-04-01 21:43:24,1046,pickedup,Marketing,IT,Internal,0.5,8.72
500,407,2026-05-20 09:22:46,0,notpickedup,Finance,Transport,Internal,0.5,0.0
362,377,2026-08-09 17:42:34,496,pickedup,Transport,Marketing,Internal,0.5,4.13
481,353,2026-07-26 08:10:34,1419,pickedup,IT,Finance,Internal,0.5,11.82
302,354,2026-02-04 06:03:02,733,pickedup,IT,Marketing,Internal,0.5,6.11
473,388,2026-07-08 22:10:55,506,pickedup,Marketing,Transport,Internal,0.5,4.22
389,313,2026-07-02 23:35:40,1273,pickedup,IT,Finance,Internal,0.5,10.61
326,304,2026-03-03 17:21:41,1785,pickedup,Finance,IT,Internal,0.5,14.88
380,495,2026-07-05 09:48:18,1385,pickedup,Transport,Marketing,Internal,0.5,11.54
327,319,2026-01-21 22:43:21,1004,pickedup,Transport,IT,Internal,0.5,8.37
303,443,2026-01-31 12:32:24,0,notpickedup,Marketing,Marketing,Internal,0.5,0.0
380,354,2026-07-20 15:13:03,1589,pickedup,Transport,Marketing,Internal,0.5,13.24
422,326,2026-02-27 05:41:47,35,pickedup,Transport,Finance,Internal,0.5,0.29
407,350,2026-08-06 00:01:46,1415,pickedup,Transport,Transport,Internal,0.5,11.79
392,471,2026-05-06 04:13:21,837,pickedup,Transport,IT,Internal,0.5,6.97
388,389,2026-05-27 11:24:47,0,engaged,Transport,IT,Internal,0.5,0.0
319,326,2026-01-09 21:09:30,765,pickedup,IT,Finance,Internal,0.5,6.38
379,431,2026-03-23 18:50:43,1758,pickedup,Marketing,Manufacturing,Internal,0.5,14.65
412,342,2026-05-01 21:38:32,1355,pickedup,Finance,Finance,Internal,0.5,11.29
389,416,2026-02-13 13:03:18,0,notpickedup,IT,Finance,Internal,0.5,0.0
360,326,2026-05-08 08:58:13,395,pickedup,IT,Finance,Internal,0.5,3.29
368,430,2026-05-24 01:33:12,1310,pickedup,IT,IT,Internal,0.5,10.92
318,304,2026-05-23 05:52:20,1768,pickedup,Transport,IT,Internal,0.5,14.73
394,342,2026-06-19 23:15:40,0,notpickedup,Manufacturing,Finance,Internal,0.5,0.0
348,421,2026-02-02 01:32:18,0,engaged,Manufacturing,Finance,Internal,0.5,0.0
374,360,2026-04-21 14:40:26,1593,pickedup,Finance,IT,Internal,0.5,13.28
313,495,2026-03-17 09:15:46,1779,pickedup,Finance,Marketing,Internal,0.5,14.82
447,489,2026-03-16 16:05:44,991,pickedup,Finance,Finance,Internal,0.5,8.26
343,496,2026-06-17 13:54:42,1207,pickedup,Manufacturing,Transport,Internal,0.5,10.06
400,431,2026-04-14 19:00:33,1705,pickedup,Marketing,Manufacturing,Internal,0.5,14.21
314,430,2026-04-03 05:41:26,998,pickedup,Marketing,IT,Internal,0.5,8.32
326,403,2026-01-15 04:35:21,0,notpickedup,Finance,IT,Internal,0.5,0.0
402,302,2026-06-07 12:15:17,439,pickedup,IT,IT,Internal,0.5,3.66
444,400,2026-02-24 13:25:03,1272,pickedup,IT,Marketing,Internal,0.5,10.6
394,476,2026-06-08 17:03:55,489,pickedup,Manufacturing,Marketing,Internal,0.5,4.08
326,374,2026-07-29 01:38:19,0,engaged,Finance,Finance,Internal,0.5,0.0
489,430,2026-01-21 22:41:43,0,notpickedup,Finance,IT,Internal,0.5,0.0
495,365,2026-05-23 12:56:44,0,engaged,Marketing,Transport,Internal,0.5,0.0
423,421,2026-02-22 03:50:18,1417,pickedup,Manufacturing,Finance,Internal,0.5,11.81
476,366,2026-05-25 12:10:08,1554,pickedup,Marketing,Manufacturing,Internal,0.5,12.95
466,455,2026-05-03 02:00:45,0,engaged,Transport,IT,Internal,0.5,0.0
344,366,2026-03-24 12:37:00,424,pickedup,IT,Manufacturing,Internal,0.5,3.53
395,391,2026-04-03 11:32:42,47,pickedup,Transport,Finance,Internal,0.5,0.39
394,379,2026-07-20 08:53:12,343,pickedup,Manufacturing,Marketing,Internal,0.5,2.86
455,319,2026-08-04 23:37:25,0,engaged,IT,IT,Internal,0.5,0.0
364,307,2026-03-21 08:01:31,182,pickedup,Manufacturing,Transport,Internal,0.5,1.52
500,391,2026-01-02 23:57:55,1419,pickedup,Finance,Finance,Internal,0.5,11.82
447,357,2026-01-10 08:42:56,650,pickedup,Finance,Manufacturing,Internal,0.5,5.42
319,391,2026-08-08 13:50:26,652,pickedup,IT,Finance,Internal,0.5,5.43
489,349,2026-07-06 00:08:57,1269,pickedup,Finance,Marketing,Internal,0.5,10.57
382,455,2026-07-29 03:27:36,139,pickedup,Transport,IT,Internal,0.5,1.16
354,377,2026-07-04 05:20:38,1248,pickedup,Marketing,Marketing,Internal,0.5,10.4
416,389,2026-07-29 20:38:16,1305,pickedup,Finance,IT,Internal,0.5,10.88
443,302,2026-07-24 22:53:08,1271,pickedup,Marketing,IT,Internal,0.5,10.59
358,332,2026-08-06 14:38:56,0,engaged,IT,Marketing,Internal,0.5,0.0
356,379,2026-03-08 05:25:09,1538,pickedup,IT,Marketing,Internal,0.5,12.82
402,368,2026-01-12 08:11:35,0,notpickedup,IT,IT,Internal,0.5,0.0
339,365,2026-07-17 10:52:51,160,pickedup,Marketing,Transport,Internal,0.5,1.33
472,412,2026-06-14 10:29:21,58,pickedup,Transport,Finance,Internal,0.5,0.48
344,396,2026-06-24 00:10:46,1496,pickedup,IT,Marketing,Internal,0.5,12.47
331,364,2026-01-06 01:20:04,0,notpickedup,Marketing,Manufacturing,Internal,0.5,0.0
403,466,2026-02-27 23:03:52,540,pickedup,IT,Transport,Internal,0.5,4.5
475,382,2026-07-17 12:04:47,1460,pickedup,Finance,Transport,Internal,0.5,12.17
380,343,2026-07-17 05:10:46,291,pickedup,Transport,Manufacturing,Internal,0.5,2.42
495,354,2026-02-03 17:46:11,0,notpickedup,Marketing,Marketing,Internal,0.5,0.0
335,394,2026-03-22 03:47:44,1594,pickedup,Manufacturing,Manufacturing,Internal,0.5,13.28
328,356,2026-07-20 18:03:03,822,pickedup,Transport,IT,Internal,0.5,6.85
350,328,2026-01-01 20:25:26,629,pickedup,Transport,Transport,Internal,0.5,5.24
473,349,2026-01-26 02:23:37,584,pickedup,Marketing,Marketing,Internal,0.5,4.87
344,384,2026-05-26 21:04:00,1126,pickedup,IT,IT,Internal,0.5,9.38
403,479,2026-03-29 13:57:11,1701,pickedup,IT,Manufacturing,Internal,0.5,14.18
459,350,2026-04-15 02:18:04,952,pickedup,Marketing,Transport,Internal,0.5,7.93
472,407,2026-07-23 01:21:21,0,notpickedup,Transport,Transport,Internal,0.5,0.0
304,445,2026-05-30 13:40:54,0,notpickedup,IT,IT,Internal,0.5,0.0
440,340,2026-01-16 13:32:03,0,notpickedup,IT,IT,Internal,0.5,0.0
479,380,2026-06-12 12:59:51,1359,pickedup,Manufacturing,Transport,Internal,0.5,11.32
327,368,2026-01-26 17:13:51,0,notpickedup,Transport,IT,Internal,0.5,0.0
319,416,2026-03-15 06:22:46,531,pickedup,IT,Finance,Internal,0.5,4.42
365,472,2026-04-16 21:55:26,1632,pickedup,Transport,Transport,Internal,0.5,13.6
356,412,2026-07-22 15:06:17,0,notpickedup,IT,Finance,Internal,0.5,0.0
440,371,2026-06-28 07:17:26,1493,pickedup,IT,IT,Internal,0.5,12.44
337,382,2026-05-28 09:43:16,1122,pickedup,Transport,Transport,Internal,0.5,9.35
318,412,2026-02-04 15:10:57,0,engaged,Transport,Finance,Internal,0.5,0.0
440,328,2026-06-24 01:37:38,0,notpickedup,IT,Transport,Internal,0.5,0.0
328,320,2026-06-10 07:22:55,0,notpickedup,Transport,Manufacturing,Internal,0.5,0.0
471,423,2026-01-22 20:11:51,1199,pickedup,IT,Manufacturing,Internal,0.5,9.99
357,455,2026-02-13 10:01:25,0,engaged,Manufacturing,IT,Internal,0.5,0.0
481,332,2026-01-13 14:02:35,683,pickedup,IT,Marketing,Internal,0.5,5.69
473,391,2026-01-09 00:14:10,258,pickedup,Marketing,Finance,Internal,0.5,2.15
491,422,2026-07-04 23:50:11,1786,pickedup,Manufacturing,Transport,Internal,0.5,14.88
389,444,2026-01-31 13:54:37,1501,pickedup,IT,IT,Internal,0.5,12.51
357,479,2026-04-17 16:11:04,786,pickedup,Manufacturing,Manufacturing,Internal,0.5,6.55
396,439,2026-06-17 17:19:03,812,pickedup,Marketing,IT,Internal,0.5,6.77
427,496,2026-07-30 03:29:33,124,pickedup,Manufacturing,Transport,Internal,0.5,1.03
382,389,2026-03-04 22:26:33,0,engaged,Transport,IT,Internal,0.5,0.0
351,364,2026-04-17 05:35:45,0,notpickedup,Manufacturing,Manufacturing,Internal,0.5,0.0
445,472,2026-05-08 21:23:28,0,notpickedup,IT,Transport,Internal,0.5,0.0
473,357,2026-04-15 14:44:43,0,notpickedup,Marketing,Manufacturing,Internal,0.5,0.0
326,450,2026-03-22 15:58:10,316,pickedup,Finance,Transport,Internal,0.5,2.63
407,447,2026-06-22 02:42:36,0,notpickedup,Transport,Finance,Internal,0.5,0.0
427,363,2026-06-22 06:28:26,1539,pickedup,Manufacturing,Transport,Internal,0.5,12.82
374,366,2026-07-30 21:49:07,0,notpickedup,Finance,Manufacturing,Internal,0.5,0.0
402,377,2026-03-22 06:36:52,1623,pickedup,IT,Marketing,Internal,0.5,13.53
353,350,2026-03-21 14:27:15,186,pickedup,Finance,Transport,Internal,0.5,1.55
364,459,2026-03-22 13:18:24,660,pickedup,Manufacturing,Marketing,Internal,0.5,5.5
360,396,2026-04-01 01:21:04,1217,pickedup,IT,Marketing,Internal,0.5,10.14
407,342,2026-01-10 08:26:19,0,notpickedup,Transport,Finance,Internal,0.5,0.0
494,313,2026-07-18 19:40:27,505,pickedup,Transport,Finance,Internal,0.5,4.21
403,421,2026-01-08 00:06:22,993,pickedup,IT,Finance,Internal,0.5,8.28
343,327,2026-03-14 01:24:46,0,notpickedup,Manufacturing,Transport,Internal,0.5,0.0
316,360,2026-02-21 06:20:06,712,pickedup,Manufacturing,IT,Internal,0.5,5.93
401,439,2026-05-01 08:51:36,1227,pickedup,Marketing,IT,Internal,0.5,10.22
332,413,2026-07-09 00:29:02,1726,pickedup,Marketing,Transport,Internal,0.5,14.38
412,431,2026-06-30 16:37:39,1245,pickedup,Finance,Manufacturing,Internal,0.5,10.38
394,384,2026-03-30 07:52:44,313,pickedup,Manufacturing,IT,Internal,0.5,2.61
427,388,2026-03-21 23:04:41,832,pickedup,Manufacturing,Transport,Internal,0.5,6.93
456,447,2026-05-23 12:27:20,1172,pickedup,Finance,Finance,Internal,0.5,9.77
335,471,2026-04-21 05:05:10,1537,pickedup,Manufacturing,IT,Internal,0.5,12.81
394,423,2026-07-29 04:28:30,0,notpickedup,Manufacturing,Manufacturing,Internal,0.5,0.0
473,331,2026-04-06 16:22:43,581,pickedup,Marketing,Marketing,Internal,0.5,4.84
471,424,2026-07-29 06:40:53,0,engaged,IT,IT,Internal,0.5,0.0
416,394,2026-06-30 13:46:49,0,notpickedup,Finance,Manufacturing,Internal,0.5,0.0
390,327,2026-01-24 07:37:43,0,notpickedup,Manufacturing,Transport,Internal,0.5,0.0
371,428,2026-06-26 06:07:53,632,pickedup,IT,Marketing,Internal,0.5,5.27
390,327,2026-01-15 11:19:07,749,pickedup,Manufacturing,Transport,Internal,0.5,6.24
332,382,2026-02-07 09:16:46,146,pickedup,Marketing,Transport,Internal,0.5,1.22
390,366,2026-06-13 15:33:12,118,pickedup,Manufacturing,Manufacturing,Internal,0.5,0.98
384,320,2026-08-06 23:00:48,58,pickedup,IT,Manufacturing,Internal,0.5,0.48
439,401,2026-06-04 02:23:15,102,pickedup,IT,Marketing,Internal,0.5,0.85
316,421,2026-06-25 06:27:19,0,notpickedup,Manufacturing,Finance,Internal,0.5,0.0
382,318,2026-05-19 15:01:43,0,notpickedup,Transport,Transport,Internal,0.5,0.0
459,327,2026-04-02 13:20:47,1579,pickedup,Marketing,Transport,Internal,0.5,13.16
392,459,2026-04-13 09:45:40,1731,pickedup,Transport,Marketing,Internal,0.5,14.43
459,320,2026-01-02 05:31:20,1420,pickedup,Marketing,Manufacturing,Internal,0.5,11.83
389,319,2026-03-05 01:23:35,757,pickedup,IT,IT,Internal,0.5,6.31
380,307,2026-02-11 07:41:25,91,pickedup,Transport,Transport,Internal,0.5,0.76
313,353,2026-04-05 11:00:38,797,pickedup,Finance,Finance,Internal,0.5,6.64
423,495,2026-01-19 01:56:15,0,engaged,Manufacturing,Marketing,Internal,0.5,0.0
430,365,2026-03-27 18:00:20,378,pickedup,IT,Transport,Internal,0.5,3.15
428,327,2026-07-13 19:06:49,0,engaged,Marketing,Transport,Internal,0.5,0.0
332,314,2026-03-15 07:54:47,0,notpickedup,Marketing,Marketing,Internal,0.5,0.0
500,340,2026-07-31 00:37:32,17,pickedup,Finance,IT,Internal,0.5,0.14
307,342,2026-06-30 12:17:48,0,notpickedup,Transport,Finance,Internal,0.5,0.0
400,416,2026-04-18 08:14:16,1287,pickedup,Marketing,Finance,Internal,0.5,10.72
307,364,2026-04-09 07:47:29,1699,pickedup,Transport,Manufacturing,Internal,0.5,14.16
363,427,2026-06-18 08:52:59,1506,pickedup,Transport,Manufacturing,Internal,0.5,12.55
328,494,2026-04-02 15:14:10,780,pickedup,Transport,Transport,Internal,0.5,6.5
362,469,2026-05-28 03:35:39,0,engaged,Transport,Manufacturing,Internal,0.5,0.0
318,365,2026-01-26 16:44:25,139,pickedup,Transport,Transport,Internal,0.5,1.16
475,340,2026-03-04 12:46:53,801,pickedup,Finance,IT,Internal,0.5,6.67
423,392,2026-07-08 10:29:02,1441,pickedup,Manufacturing,Transport,Internal,0.5,12.01
344,431,2026-05-30 17:04:08,0,notpickedup,IT,Manufacturing,Internal,0.5,0.0
307,430,2026-01-30 04:46:25,152,pickedup,Transport,IT,Internal,0.5,1.27
495,344,2026-03-03 12:31:21,1599,pickedup,Marketing,IT,Internal,0.5,13.32
357,475,2026-01-10 12:39:44,479,pickedup,Manufacturing,Finance,Internal,0.5,3.99
342,471,2026-08-08 16:11:27,993,pickedup,Finance,IT,Internal,0.5,8.28
340,364,2026-02-13 09:15:37,0,notpickedup,IT,Manufacturing,Internal,0.5,0.0
390,455,2026-01-05 10:09:32,1468,pickedup,Manufacturing,IT,Internal,0.5,12.23
331,496,2026-07-24 13:21:17,1319,pickedup,Marketing,Transport,Internal,0.5,10.99
496,402,2026-05-13 02:50:25,0,notpickedup,Transport,IT,Internal,0.5,0.0
344,371,2026-03-23 04:01:26,614,pickedup,IT,IT,Internal,0.5,5.12
500,331,2026-04-23 00:56:20,1796,pickedup,Finance,Marketing,Internal,0.5,14.97
466,332,2026-07-05 05:55:22,556,pickedup,Transport,Marketing,Internal,0.5,4.63
422,307,2026-02-22 02:16:32,200,pickedup,Transport,Transport,Internal,0.5,1.67
445,421,2026-06-16 18:43:37,1232,pickedup,IT,Finance,Internal,0.5,10.27
428,350,2026-05-06 20:22:47,638,pickedup,Marketing,Transport,Internal,0.5,5.32
450,326,2026-03-21 05:21:28,1465,pickedup,Transport,Finance,Internal,0.5,12.21
328,437,2026-07-25 00:26:28,1356,pickedup,Transport,Finance,Internal,0.5,11.3
427,401,2026-04-02 23:28:30,0,engaged,Manufacturing,Marketing,Internal,0.5,0.0
358,304,2026-06-05 06:04:11,1095,pickedup,IT,IT,Internal,0.5,9.12
320,400,2026-03-18 20:43:15,995,pickedup,Manufacturing,Marketing,Internal,0.5,8.29
351,332,2026-02-16 05:36:30,332,pickedup,Manufacturing,Marketing,Internal,0.5,2.77
365,396,2026-03-31 23:33:09,232,pickedup,Transport,Marketing,Internal,0.5,1.93
349,303,2026-01-23 06:10:18,1668,pickedup,Marketing,Marketing,Internal,0.5,13.9
327,471,2026-01-08 21:10:29,0,notpickedup,Transport,IT,Internal,0.5,0.0
344,407,2026-06-14 20:02:49,260,pickedup,IT,Transport,Internal,0.5,2.17
382,328,2026-07-31 03:21:48,1583,pickedup,Transport,Transport,Internal,0.5,13.19
313,331,2026-03-29 22:24:23,0,notpickedup,Finance,Marketing,Internal,0.5,0.0
348,354,2026-02-26 18:59:13,0,notpickedup,Manufacturing,Marketing,Internal,0.5,0.0
316,328,2026-02-24 16:53:39,283,pickedup,Manufacturing,Transport,Internal,0.5,2.36
363,500,2026-02-08 13:08:01,1730,pickedup,Transport,Finance,Internal,0.5,14.42
423,344,2026-07-04 10:38:13,1473,pickedup,Manufacturing,IT,Internal,0.5,12.28
329,328,2026-07-19 10:55:01,523,pickedup,IT,Transport,Internal,0.5,4.36
350,445,2026-06-08 23:26:06,519,pickedup,Transport,IT,Internal,0.5,4.33
374,340,2026-04-09 05:18:39,0,engaged,Finance,IT,Internal,0.5,0.0
430,362,2026-02-07 04:48:33,248,pickedup,IT,Transport,Internal,0.5,2.07
347,407,2026-05-24 23:04:24,0,notpickedup,Finance,Transport,Internal,0.5,0.0
313,447,2026-03-24 03:58:40,0,notpickedup,Finance,Finance,Internal,0.5,0.0
337,382,2026-06-16 10:19:08,387,pickedup,Transport,Transport,Internal,0.5,3.23
391,495,2026-01-01 18:08:11,396,pickedup,Finance,Marketing,Internal,0.5,3.3
443,340,2026-07-23 13:07:56,1283,pickedup,Marketing,IT,Internal,0.5,10.69
473,327,2026-06-09 13:56:31,864,pickedup,Marketing,Transport,Internal,0.5,7.2
380,402,2026-01-14 17:35:56,0,engaged,Transport,IT,Internal,0.5,0.0
482,329,2026-04-19 15:50:44,1726,pickedup,IT,IT,Internal,0.5,14.38
327,382,2026-03-06 00:55:47,1456,pickedup,Transport,Transport,Internal,0.5,12.13
413,456,2026-01-28 08:36:26,208,pickedup,Transport,Finance,Internal,0.5,1.73
384,496,2026-07-25 20:20:03,1722,pickedup,IT,Transport,Internal,0.5,14.35
362,471,2026-05-21 05:33:45,484,pickedup,Transport,IT,Internal,0.5,4.03
329,356,2026-03-11 01:35:22,968,pickedup,IT,IT,Internal,0.5,8.07
365,339,2026-04-29 09:54:10,86,pickedup,Transport,Marketing,Internal,0.5,0.72
394,331,2026-06-29 09:22:04,0,engaged,Manufacturing,Marketing,Internal,0.5,0.0
476,472,2026-05-07 05:30:07,1677,pickedup,Marketing,Transport,Internal,0.5,13.97
392,439,2026-01-06 23:10:34,0,notpickedup,Transport,IT,Internal,0.5,0.0
412,447,2026-01-14 04:54:09,1761,pickedup,Finance,Finance,Internal,0.5,14.68
402,491,2026-02-25 01:50:24,511,pickedup,IT,Manufacturing,Internal,0.5,4.26
384,494,2026-02-04 16:16:37,1264,pickedup,IT,Transport,Internal,0.5,10.53
318,466,2026-04-28 07:34:11,255,pickedup,Transport,Transport,Internal,0.5,2.12
494,459,2026-03-13 09:57:35,814,pickedup,Transport,Marketing,Internal,0.5,6.78
456,495,2026-05-16 14:16:09,1762,pickedup,Finance,Marketing,Internal,0.5,14.68
473,496,2026-07-26 12:23:09,127,pickedup,Marketing,Transport,Internal,0.5,1.06
475,500,2026-06-22 04:22:26,1599,pickedup,Finance,Finance,Internal,0.5,13.32
469,384,2026-01-01 11:42:05,388,pickedup,Manufacturing,IT,Internal,0.5,3.23
368,344,2026-06-08 04:58:58,0,engaged,IT,IT,Internal,0.5,0.0
455,307,2026-07-09 09:28:58,1489,pickedup,IT,Transport,Internal,0.5,12.41
347,479,2026-06-23 18:04:10,0,notpickedup,Finance,Manufacturing,Internal,0.5,0.0
400,456,2026-05-08 17:07:28,171,pickedup,Marketing,Finance,Internal,0.5,1.43
335,347,2026-03-03 09:15:04,1106,pickedup,Manufacturing,Finance,Internal,0.5,9.22
481,343,2026-06-16 20:45:04,1379,pickedup,IT,Manufacturing,Internal,0.5,11.49
342,349,2026-03-29 03:17:16,713,pickedup,Finance,Marketing,Internal,0.5,5.94
389,495,2026-02-27 06:33:59,1041,pickedup,IT,Marketing,Internal,0.5,8.68
428,391,2026-02-27 18:45:34,0,notpickedup,Marketing,Finance,Internal,0.5,0.0
489,303,2026-02-05 06:22:53,1349,pickedup,Finance,Marketing,Internal,0.5,11.24
491,360,2026-02-20 08:55:21,670,pickedup,Manufacturing,IT,Internal,0.5,5.58
423,407,2026-01-10 05:13:57,273,pickedup,Manufacturing,Transport,Internal,0.5,2.27
366,331,2026-05-20 14:06:40,410,pickedup,Manufacturing,Marketing,Internal,0.5,3.42
422,475,2026-04-10 02:02:13,741,pickedup,Transport,Finance,Internal,0.5,6.17
443,340,2026-04-08 23:18:48,1623,pickedup,Marketing,IT,Internal,0.5,13.53
335,302,2026-07-23 20:13:54,1184,pickedup,Manufacturing,IT,Internal,0.5,9.87
304,389,2026-06-13 05:46:50,1280,pickedup,IT,IT,Internal,0.5,10.67
472,358,2026-02-27 18:34:00,1523,pickedup,Transport,IT,Internal,0.5,12.69
304,447,2026-04-03 06:55:25,0,engaged,IT,Finance,Internal,0.5,0.0
407,496,2026-03-28 06:23:04,0,notpickedup,Transport,Transport,Internal,0.5,0.0
384,476,2026-04-24 23:43:10,1558,pickedup,IT,Marketing,Internal,0.5,12.98
494,316,2026-04-01 09:31:49,776,pickedup,Transport,Manufacturing,Internal,0.5,6.47
427,479,2026-05-29 00:54:23,0,notpickedup,Manufacturing,Manufacturing,Internal,0.5,0.0
313,402,2026-07-12 12:18:42,0,notpickedup,Finance,IT,Internal,0.5,0.0
392,447,2026-05-20 03:48:28,1135,pickedup,Transport,Finance,Internal,0.5,9.46
340,489,2026-01-09 19:23:41,1191,pickedup,IT,Finance,Internal,0.5,9.93
374,403,2026-06-15 11:34:08,329,pickedup,Finance,IT,Internal,0.5,2.74
368,382,2026-01-10 03:48:20,1401,pickedup,IT,Transport,Internal,0.5,11.68
328,408,2026-05-19 06:54:46,161,pickedup,Transport,IT,Internal,0.5,1.34
392,364,2026-03-26 14:19:51,295,pickedup,Transport,Manufacturing,Internal,0.5,2.46
447,337,2026-07-26 04:08:29,369,pickedup,Finance,Transport,Internal,0.5,3.08
471,339,2026-02-16 22:38:06,243,pickedup,IT,Marketing,Internal,0.5,2.02
302,319,2026-04-06 05:16:33,0,notpickedup,IT,IT,Internal,0.5,0.0
377,344,2026-04-17 14:35:19,0,notpickedup,Marketing,IT,Internal,0.5,0.0
422,466,2026-03-08 17:59:54,0,notpickedup,Transport,Transport,Internal,0.5,0.0
303,402,2026-07-20 10:42:34,0,engaged,Marketing,IT,Internal,0.5,0.0
327,392,2026-07-19 09:53:09,204,pickedup,Transport,Transport,Internal,0.5,1.7
459,391,2026-02-26 05:57:22,270,pickedup,Marketing,Finance,Internal,0.5,2.25
360,368,2026-05-18 11:43:59,1542,pickedup,IT,IT,Internal,0.5,12.85
326,482,2026-07-30 07:55:23,0,notpickedup,Finance,IT,Internal,0.5,0.0
350,351,2026-07-02 00:52:40,1714,pickedup,Transport,Manufacturing,Internal,0.5,14.28
303,302,2026-05-28 10:04:32,1313,pickedup,Marketing,IT,Internal,0.5,10.94
353,402,2026-01-31 05:45:11,0,notpickedup,Finance,IT,Internal,0.5,0.0
416,479,2026-07-20 23:17:52,0,engaged,Finance,Manufacturing,Internal,0.5,0.0
335,362,2026-04-05 01:25:42,408,pickedup,Manufacturing,Transport,Internal,0.5,3.4
366,347,2026-01-15 09:22:58,1793,pickedup,Manufacturing,Finance,Internal,0.5,14.94
469,389,2026-01-25 14:34:47,1662,pickedup,Manufacturing,IT,Internal,0.5,13.85
351,342,2026-07-06 11:11:07,0,notpickedup,Manufacturing,Finance,Internal,0.5,0.0
392,326,2026-02-22 14:11:37,0,notpickedup,Transport,Finance,Internal,0.5,0.0
445,340,2026-04-30 05:22:27,556,pickedup,IT,IT,Internal,0.5,4.63
371,388,2026-03-02 03:01:39,853,pickedup,IT,Transport,Internal,0.5,7.11
473,392,2026-04-17 01:59:43,590,pickedup,Marketing,Transport,Internal,0.5,4.92
475,340,2026-08-13 15:02:20,0,notpickedup,Finance,IT,Internal,0.5,0.0
331,374,2026-03-21 02:41:39,0,engaged,Marketing,Finance,Internal,0.5,0.0
313,426,2026-03-26 16:53:50,1452,pickedup,Finance,Marketing,Internal,0.5,12.1
394,469,2026-08-03 06:57:06,1050,pickedup,Manufacturing,Manufacturing,Internal,0.5,8.75
344,335,2026-08-09 08:00:31,0,notpickedup,IT,Manufacturing,Internal,0.5,0.0
491,402,2026-08-10 10:38:46,1375,pickedup,Manufacturing,IT,Internal,0.5,11.46
407,489,2026-06-12 23:28:15,0,notpickedup,Transport,Finance,Internal,0.5,0.0
475,328,2026-01-24 18:51:18,0,engaged,Finance,Transport,Internal,0.5,0.0
365,388,2026-03-28 14:32:48,1430,pickedup,Transport,Transport,Internal,0.5,11.92
423,496,2026-06-27 08:13:50,484,pickedup,Manufacturing,Transport,Internal,0.5,4.03
496,329,2026-03-22 03:28:52,239,pickedup,Transport,IT,Internal,0.5,1.99
340,413,2026-06-29 07:14:18,0,notpickedup,IT,Transport,Internal,0.5,0.0
320,392,2026-06-07 12:55:59,1546,pickedup,Manufacturing,Transport,Internal,0.5,12.88
343,349,2026-02-27 03:39:42,1044,pickedup,Manufacturing,Marketing,Internal,0.5,8.7
342,439,2026-06-30 20:26:10,1781,pickedup,Finance,IT,Internal,0.5,14.84
423,379,2026-02-18 08:59:42,0,notpickedup,Manufacturing,Marketing,Internal,0.5,0.0
473,384,2026-08-02 11:49:45,990,pickedup,Marketing,IT,Internal,0.5,8.25
307,360,2026-03-11 08:14:15,0,notpickedup,Transport,IT,Internal,0.5,0.0
349,364,2026-06-19 18:28:43,423,pickedup,Marketing,Manufacturing,Internal,0.5,3.52
395,439,2026-07-11 00:00:32,712,pickedup,Transport,IT,Internal,0.5,5.93
471,500,2026-06-25 16:16:54,1768,pickedup,IT,Finance,Internal,0.5,14.73
303,443,2026-08-06 09:20:16,0,engaged,Marketing,Marketing,Internal,0.5,0.0
443,379,2026-05-26 03:39:50,1346,pickedup,Marketing,Marketing,Internal,0.5,11.22
340,439,2026-03-07 19:06:30,1036,pickedup,IT,IT,Internal,0.5,8.63
427,408,2026-05-16 15:39:27,228,pickedup,Manufacturing,IT,Internal,0.5,1.9
379,328,2026-05-28 18:16:47,0,notpickedup,Marketing,Transport,Internal,0.5,0.0
402,377,2026-04-24 00:48:44,1046,pickedup,IT,Marketing,Internal,0.5,8.72
347,426,2026-07-27 14:11:13,696,pickedup,Finance,Marketing,Internal,0.5,5.8
426,337,2026-07-22 18:02:41,0,notpickedup,Marketing,Transport,Internal,0.5,0.0
459,496,2026-03-02 04:38:22,1465,pickedup,Marketing,Transport,Internal,0.5,12.21
471,328,2026-02-14 08:13:15,138,pickedup,IT,Transport,Internal,0.5,1.15
303,349,2026-02-11 11:08:25,228,pickedup,Marketing,Marketing,Internal,0.5,1.9
358,447,2026-08-05 17:56:27,0,notpickedup,IT,Finance,Internal,0.5,0.0
368,391,2026-06-18 23:17:52,1252,pickedup,IT,Finance,Internal,0.5,10.43
388,390,2026-05-19 10:27:12,0,notpickedup,Transport,Manufacturing,Internal,0.5,0.0
456,316,2026-05-11 22:28:57,1295,pickedup,Finance,Manufacturing,Internal,0.5,10.79
339,344,2026-07-02 17:32:54,1738,pickedup,Marketing,IT,Internal,0.5,14.48
314,342,2026-02-08 09:34:04,0,notpickedup,Marketing,Finance,Internal,0.5,0.0
443,340,2026-02-07 09:49:53,1313,pickedup,Marketing,IT,Internal,0.5,10.94
344,350,2026-07-18 19:11:46,1537,pickedup,IT,Transport,Internal,0.5,12.81
364,479,2026-05-20 14:03:09,76,pickedup,Manufacturing,Manufacturing,Internal,0.5,0.63
413,377,2026-05-02 02:36:05,0,engaged,Transport,Marketing,Internal,0.5,0.0
459,390,2026-08-04 05:30:55,0,notpickedup,Marketing,Manufacturing,Internal,0.5,0.0
335,343,2026-07-24 16:53:32,884,pickedup,Manufacturing,Manufacturing,Internal,0.5,7.37
344,396,2026-02-05 07:09:49,842,pickedup,IT,Marketing,Internal,0.5,7.02
475,430,2026-04-26 13:43:52,1494,pickedup,Finance,IT,Internal,0.5,12.45
307,431,2026-07-28 23:01:03,449,pickedup,Transport,Manufacturing,Internal,0.5,3.74
447,475,2026-02-12 04:05:10,838,pickedup,Finance,Finance,Internal,0.5,6.98
403,407,2026-02-24 05:04:59,0,notpickedup,IT,Transport,Internal,0.5,0.0
459,379,2026-01-12 09:50:34,0,notpickedup,Marketing,Marketing,Internal,0.5,0.0
342,344,2026-02-18 20:33:12,0,notpickedup,Finance,IT,Internal,0.5,0.0
316,319,2026-04-29 16:52:28,0,notpickedup,Manufacturing,IT,Internal,0.5,0.0
491,362,2026-02-11 01:58:15,649,pickedup,Manufacturing,Transport,Internal,0.5,5.41
351,319,2026-01-30 00:35:11,1392,pickedup,Manufacturing,IT,Internal,0.5,11.6
303,445,2026-06-28 12:19:47,655,pickedup,Marketing,IT,Internal,0.5,5.46
327,363,2026-04-28 12:11:50,1601,pickedup,Transport,Transport,Internal,0.5,13.34
403,396,2026-01-31 08:34:58,1329,pickedup,IT,Marketing,Internal,0.5,11.07
412,392,2026-02-06 08:41:11,0,notpickedup,Finance,Transport,Internal,0.5,0.0
469,479,2026-02-13 01:25:20,1797,pickedup,Manufacturing,Manufacturing,Internal,0.5,14.97
319,318,2026-07-15 23:57:00,613,pickedup,IT,Transport,Internal,0.5,5.11
354,444,2026-04-14 13:12:28,0,notpickedup,Marketing,IT,Internal,0.5,0.0
424,412,2026-04-19 06:04:01,0,notpickedup,IT,Finance,Internal,0.5,0.0
349,401,2026-03-04 22:53:17,1460,pickedup,Marketing,Marketing,Internal,0.5,12.17
421,365,2026-04-04 03:22:55,90,pickedup,Finance,Transport,Internal,0.5,0.75
327,473,2026-04-03 13:38:21,0,notpickedup,Transport,Marketing,Internal,0.5,0.0
343,421,2026-08-02 17:16:09,0,notpickedup,Manufacturing,Finance,Internal,0.5,0.0
327,500,2026-05-04 16:58:41,590,pickedup,Transport,Finance,Internal,0.5,4.92
423,374,2026-03-28 10:59:07,1092,pickedup,Manufacturing,Finance,Internal,0.5,9.1
479,358,2026-05-07 12:56:40,404,pickedup,Manufacturing,IT,Internal,0.5,3.37
428,472,2026-06-11 11:57:11,0,notpickedup,Marketing,Transport,Internal,0.5,0.0
318,304,2026-03-31 05:59:45,473,pickedup,Transport,IT,Internal,0.5,3.94
357,447,2026-07-10 10:41:57,707,pickedup,Manufacturing,Finance,Internal,0.5,5.89
303,430,2026-02-13 03:23:27,0,engaged,Marketing,IT,Internal,0.5,0.0
313,344,2026-07-27 23:41:41,884,pickedup,Finance,IT,Internal,0.5,7.37
318,395,2026-01-20 12:17:13,0,engaged,Transport,Transport,Internal,0.5,0.0
476,401,2026-04-27 04:49:19,342,pickedup,Marketing,Marketing,Internal,0.5,2.85
319,422,2026-01-07 02:04:22,919,pickedup,IT,Transport,Internal,0.5,7.66
357,342,2026-04-24 22:15:31,0,notpickedup,Manufacturing,Finance,Internal,0.5,0.0
319,424,2026-01-11 22:07:29,0,notpickedup,IT,IT,Internal,0.5,0.0
356,471,2026-02-05 16:40:13,945,pickedup,IT,IT,Internal,0.5,7.88
413,316,2026-02-07 08:04:59,0,engaged,Transport,Manufacturing,Internal,0.5,0.0
455,364,2026-04-08 02:43:13,57,pickedup,IT,Manufacturing,Internal,0.5,0.47
466,408,2026-04-28 20:51:20,635,pickedup,Transport,IT,Internal,0.5,5.29
437,316,2026-04-09 10:29:59,627,pickedup,Finance,Manufacturing,Internal,0.5,5.22
388,413,2026-07-17 00:48:20,1599,pickedup,Transport,Transport,Internal,0.5,13.32
495,360,2026-06-18 11:47:20,559,pickedup,Marketing,IT,Internal,0.5,4.66
316,473,2026-07-30 17:19:12,0,engaged,Manufacturing,Marketing,Internal,0.5,0.0
344,459,2026-06-29 00:54:49,0,notpickedup,IT,Marketing,Internal,0.5,0.0
318,475,2026-03-30 10:02:02,1624,pickedup,Transport,Finance,Internal,0.5,13.53
455,444,2026-06-20 13:27:08,1468,pickedup,IT,IT,Internal,0.5,12.23
400,455,2026-04-12 00:05:31,776,pickedup,Marketing,IT,Internal,0.5,6.47
422,423,2026-02-28 23:39:14,0,notpickedup,Transport,Manufacturing,Internal,0.5,0.0
394,327,2026-05-19 15:23:48,0,notpickedup,Manufacturing,Transport,Internal,0.5,0.0
416,396,2026-05-29 17:27:19,1793,pickedup,Finance,Marketing,Internal,0.5,14.94
389,349,2026-05-17 03:28:46,561,pickedup,IT,Marketing,Internal,0.5,4.67
349,459,2026-04-13 00:53:13,721,pickedup,Marketing,Marketing,Internal,0.5,6.01
364,431,2026-05-11 00:43:38,0,notpickedup,Manufacturing,Manufacturing,Internal,0.5,0.0
331,471,2026-07-14 08:48:47,846,pickedup,Marketing,IT,Internal,0.5,7.05
304,421,2026-05-09 14:26:38,1297,pickedup,IT,Finance,Internal,0.5,10.81
389,358,2026-06-19 07:27:12,0,notpickedup,IT,IT,Internal,0.5,0.0
423,426,2026-04-05 13:32:56,0,notpickedup,Manufacturing,Marketing,Internal,0.5,0.0
348,443,2026-06-21 15:39:39,0,notpickedup,Manufacturing,Marketing,Internal,0.5,0.0
471,400,2026-03-26 04:08:53,57,pickedup,IT,Marketing,Internal,0.5,0.47
500,382,2026-02-09 20:13:26,0,engaged,Finance,Transport,Internal,0.5,0.0
303,365,2026-05-18 04:25:37,0,notpickedup,Marketing,Transport,Internal,0.5,0.0
344,500,2026-02-23 19:58:38,575,pickedup,IT,Finance,Internal,0.5,4.79
363,316,2026-01-17 12:49:35,674,pickedup,Transport,Manufacturing,Internal,0.5,5.62
407,443,2026-04-20 21:06:21,1559,pickedup,Transport,Marketing,Internal,0.5,12.99
394,366,2026-07-14 20:35:29,0,notpickedup,Manufacturing,Manufacturing,Internal,0.5,0.0
374,495,2026-01-18 07:33:11,1573,pickedup,Finance,Marketing,Internal,0.5,13.11
356,466,2026-03-25 02:26:49,1503,pickedup,IT,Transport,Internal,0.5,12.53
360,366,2026-08-06 03:48:37,893,pickedup,IT,Manufacturing,Internal,0.5,7.44
368,475,2026-07-08 03:24:15,293,pickedup,IT,Finance,Internal,0.5,2.44
466,395,2026-06-11 23:42:41,334,pickedup,Transport,Transport,Internal,0.5,2.78
391,360,2026-08-02 03:50:29,1699,pickedup,Finance,IT,Internal,0.5,14.16
362,318,2026-06-24 13:20:13,36,pickedup,Transport,Transport,Internal,0.5,0.3
475,473,2026-06-16 13:02:16,0,engaged,Finance,Marketing,Internal,0.5,0.0
303,494,2026-02-11 01:42:33,715,pickedup,Marketing,Transport,Internal,0.5,5.96
472,427,2026-08-05 23:11:00,393,pickedup,Transport,Manufacturing,Internal,0.5,3.27
403,491,2026-01-02 16:39:31,689,pickedup,IT,Manufacturing,Internal,0.5,5.74
473,342,2026-08-09 18:00:03,1715,pickedup,Marketing,Finance,Internal,0.5,14.29
374,412,2026-02-17 23:37:41,0,notpickedup,Finance,Finance,Internal,0.5,0.0
303,473,2026-02-07 13:50:07,1243,pickedup,Marketing,Marketing,Internal,0.5,10.36
342,408,2026-04-18 09:08:52,1529,pickedup,Finance,IT,Internal,0.5,12.74
377,362,2026-01-13 18:33:14,1464,pickedup,Marketing,Transport,Internal,0.5,12.2
424,408,2026-04-22 04:41:07,66,pickedup,IT,IT,Internal,0.5,0.55
428,358,2026-07-14 02:13:16,764,pickedup,Marketing,IT,Internal,0.5,6.37
450,440,2026-04-19 16:16:07,0,notpickedup,Transport,IT,Internal,0.5,0.0
362,357,2026-02-21 02:42:42,1533,pickedup,Transport,Manufacturing,Internal,0.5,12.78
443,421,2026-03-29 02:12:15,671,pickedup,Marketing,Finance,Internal,0.5,5.59
349,407,2026-02-08 20:20:49,0,engaged,Marketing,Transport,Internal,0.5,0.0
408,329,2026-01-24 07:25:44,1494,pickedup,IT,IT,Internal,0.5,12.45
389,491,2026-08-09 00:17:51,1684,pickedup,IT,Manufacturing,Internal,0.5,14.03
365,344,2026-04-15 10:05:13,113,pickedup,Transport,IT,Internal,0.5,0.94
344,482,2026-04-08 15:53:12,0,engaged,IT,IT,Internal,0.5,0.0
331,475,2026-06-15 22:51:08,8,pickedup,Marketing,Finance,Internal,0.5,0.07
340,371,2026-03-12 13:01:11,764,pickedup,IT,IT,Internal,0.5,6.37
327,422,2026-06-07 18:00:38,0,notpickedup,Transport,Transport,Internal,0.5,0.0
354,384,2026-04-11 11:25:17,0,notpickedup,Marketing,IT,Internal,0.5,0.0
344,331,2026-06-29 19:33:43,514,pickedup,IT,Marketing,Internal,0.5,4.28
360,384,2026-04-11 01:01:32,578,pickedup,IT,IT,Internal,0.5,4.82
366,347,2026-01-04 12:43:52,1481,pickedup,Manufacturing,Finance,Internal,0.5,12.34
351,307,2026-06-14 00:38:26,1458,pickedup,Manufacturing,Transport,Internal,0.5,12.15
412,443,2026-05-29 05:40:23,314,pickedup,Finance,Marketing,Internal,0.5,2.62
495,400,2026-03-11 19:16:17,0,notpickedup,Marketing,Marketing,Internal,0.5,0.0
379,413,2026-01-07 05:33:36,1514,pickedup,Marketing,Transport,Internal,0.5,12.62
353,479,2026-07-09 17:59:41,170,pickedup,Finance,Manufacturing,Internal,0.5,1.42
389,450,2026-04-23 07:28:45,0,notpickedup,IT,Transport,Internal,0.5,0.0
416,439,2026-02-13 05:20:38,814,pickedup,Finance,IT,Internal,0.5,6.78
445,413,2026-01-21 21:59:09,0,notpickedup,IT,Transport,Internal,0.5,0.0
479,303,2026-08-02 03:31:47,815,pickedup,Manufacturing,Marketing,Internal,0.5,6.79
362,456,2026-03-09 18:49:06,1080,pickedup,Transport,Finance,Internal,0.5,9.0
303,362,2026-04-03 08:33:06,161,pickedup,Marketing,Transport,Internal,0.5,1.34
403,472,2026-06-29 13:16:22,0,engaged,IT,Transport,Internal,0.5,0.0
413,447,2026-02-05 09:30:34,413,pickedup,Transport,Finance,Internal,0.5,3.44
489,401,2026-05-29 16:13:38,333,pickedup,Finance,Marketing,Internal,0.5,2.77
431,335,2026-05-11 23:27:08,0,engaged,Manufacturing,Manufacturing,Internal,0.5,0.0
401,471,2026-07-31 13:33:06,0,notpickedup,Marketing,IT,Internal,0.5,0.0
314,413,2026-06-27 21:09:57,1564,pickedup,Marketing,Transport,Internal,0.5,13.03
396,482,2026-04-26 12:53:55,0,notpickedup,Marketing,IT,Internal,0.5,0.0
332,443,2026-01-15 18:55:20,53,pickedup,Marketing,Marketing,Internal,0.5,0.44
416,459,2026-06-03 19:29:41,884,pickedup,Finance,Marketing,Internal,0.5,7.37
318,362,2026-07-16 17:13:22,355,pickedup,Transport,Transport,Internal,0.5,2.96
391,360,2026-07-21 20:51:49,1004,pickedup,Finance,IT,Internal,0.5,8.37
356,392,2026-05-21 01:53:15,969,pickedup,IT,Transport,Internal,0.5,8.07
407,362,2026-07-12 03:07:22,468,pickedup,Transport,Transport,Internal,0.5,3.9
303,328,2026-05-03 01:31:45,0,notpickedup,Marketing,Transport,Internal,0.5,0.0
473,395,2026-04-28 01:10:40,0,notpickedup,Marketing,Transport,Internal,0.5,0.0
437,384,2026-03-22 06:19:29,1353,pickedup,Finance,IT,Internal,0.5,11.28
475,500,2026-07-19 09:35:24,0,engaged,Finance,Finance,Internal,0.5,0.0
390,447,2026-02-03 10:28:15,0,engaged,Manufacturing,Finance,Internal,0.5,0.0
394,426,2026-02-10 22:57:33,0,notpickedup,Manufacturing,Marketing,Internal,0.5,0.0
351,473,2026-02-12 17:11:20,1187,pickedup,Manufacturing,Marketing,Internal,0.5,9.89
471,348,2026-02-01 00:38:42,1135,pickedup,IT,Manufacturing,Internal,0.5,9.46
394,351,2026-05-09 07:59:12,1741,pickedup,Manufacturing,Manufacturing,Internal,0.5,14.51
412,319,2026-01-12 06:36:37,990,pickedup,Finance,IT,Internal,0.5,8.25
380,368,2026-05-02 05:20:14,1290,pickedup,Transport,IT,Internal,0.5,10.75
350,337,2026-02-06 04:35:30,1601,pickedup,Transport,Transport,Internal,0.5,13.34
456,437,2026-05-02 06:55:24,0,engaged,Finance,Finance,Internal,0.5,0.0
349,354,2026-07-24 19:29:00,381,pickedup,Marketing,Marketing,Internal,0.5,3.17
353,360,2026-03-15 00:15:31,1674,pickedup,Finance,IT,Internal,0.5,13.95
459,423,2026-04-11 04:35:01,1775,pickedup,Marketing,Manufacturing,Internal,0.5,14.79
401,319,2026-06-29 03:38:11,1728,pickedup,Marketing,IT,Internal,0.5,14.4
343,476,2026-06-06 22:08:21,771,pickedup,Manufacturing,Marketing,Internal,0.5,6.42
471,379,2026-03-24 22:50:17,1516,pickedup,IT,Marketing,Internal,0.5,12.63
328,494,2026-04-02 20:21:53,0,notpickedup,Transport,Transport,Internal,0.5,0.0
431,318,2026-07-14 05:19:03,1720,pickedup,Manufacturing,Transport,Internal,0.5,14.33
344,320,2026-05-05 22:50:19,913,pickedup,IT,Manufacturing,Internal,0.5,7.61
350,326,2026-01-24 01:38:55,275,pickedup,Transport,Finance,Internal,0.5,2.29
447,403,2026-05-28 12:24:46,0,notpickedup,Finance,IT,Internal,0.5,0.0
351,444,2026-05-28 19:16:01,805,pickedup,Manufacturing,IT,Internal,0.5,6.71
354,302,2026-08-03 07:58:56,1157,pickedup,Marketing,IT,Internal,0.5,9.64
426,394,2026-05-10 10:17:37,197,pickedup,Marketing,Manufacturing,Internal,0.5,1.64
422,389,2026-04-27 03:41:52,0,engaged,Transport,IT,Internal,0.5,0.0
326,481,2026-01-23 16:20:37,1355,pickedup,Finance,IT,Internal,0.5,11.29
403,469,2026-06-16 21:04:12,1115,pickedup,IT,Manufacturing,Internal,0.5,9.29
342,365,2026-05-07 03:55:07,718,pickedup,Finance,Transport,Internal,0.5,5.98
344,382,2026-04-24 13:17:52,1472,pickedup,IT,Transport,Internal,0.5,12.27
466,318,2026-03-03 22:52:13,0,engaged,Transport,Transport,Internal,0.5,0.0
476,327,2026-06-11 15:44:30,623,pickedup,Marketing,Transport,Internal,0.5,5.19
316,394,2026-01-17 14:38:27,620,pickedup,Manufacturing,Manufacturing,Internal,0.5,5.17
318,353,2026-08-04 00:47:19,195,pickedup,Transport,Finance,Internal,0.5,1.62
349,314,2026-06-22 22:55:23,1593,pickedup,Marketing,Marketing,Internal,0.5,13.28
304,401,2026-05-23 22:12:58,0,notpickedup,IT,Marketing,Internal,0.5,0.0
413,350,2026-04-25 20:54:06,20,pickedup,Transport,Transport,Internal,0.5,0.17
428,343,2026-03-03 02:22:20,659,pickedup,Marketing,Manufacturing,Internal,0.5,5.49
426,476,2026-01-08 02:00:24,1431,pickedup,Marketing,Marketing,Internal,0.5,11.93
495,424,2026-03-15 03:32:41,1231,pickedup,Marketing,IT,Internal,0.5,10.26
500,356,2026-01-12 08:57:52,1746,pickedup,Finance,IT,Internal,0.5,14.55
402,332,2026-06-05 03:09:28,915,pickedup,IT,Marketing,Internal,0.5,7.62
394,444,2026-01-01 09:43:20,0,engaged,Manufacturing,IT,Internal,0.5,0.0
427,422,2026-01-17 04:52:59,1300,pickedup,Manufacturing,Transport,Internal,0.5,10.83
402,431,2026-02-18 02:04:52,0,notpickedup,IT,Manufacturing,Internal,0.5,0.0
459,439,2026-06-07 04:02:08,747,pickedup,Marketing,IT,Internal,0.5,6.22
389,349,2026-03-04 22:21:16,378,pickedup,IT,Marketing,Internal,0.5,3.15
472,377,2026-07-24 11:14:12,0,engaged,Transport,Marketing,Internal,0.5,0.0
475,491,2026-06-19 13:23:09,1413,pickedup,Finance,Manufacturing,Internal,0.5,11.78
339,354,2026-01-19 06:56:37,1260,pickedup,Marketing,Marketing,Internal,0.5,10.5
422,319,2026-03-14 17:11:23,0,notpickedup,Transport,IT,Internal,0.5,0.0
384,469,2026-01-19 13:05:50,1112,pickedup,IT,Manufacturing,Internal,0.5,9.27
491,347,2026-03-03 13:56:06,0,engaged,Manufacturing,Finance,Internal,0.5,0.0
342,313,2026-01-26 09:37:19,1536,pickedup,Finance,Finance,Internal,0.5,12.8
304,347,2026-07-18 15:13:21,1248,pickedup,IT,Finance,Internal,0.5,10.4
394,313,2026-05-23 08:06:43,0,engaged,Manufacturing,Finance,Internal,0.5,0.0
328,382,2026-03-01 00:04:28,599,pickedup,Transport,Transport,Internal,0.5,4.99
431,394,2026-03-17 14:44:26,0,notpickedup,Manufacturing,Manufacturing,Internal,0.5,0.0
304,500,2026-03-24 08:26:29,256,pickedup,IT,Finance,Internal,0.5,2.13
500,304,2026-06-10 05:14:50,0,notpickedup,Finance,IT,Internal,0.5,0.0
350,351,2026-01-16 10:21:21,236,pickedup,Transport,Manufacturing,Internal,0.5,1.97
427,360,2026-02-20 08:14:43,1205,pickedup,Manufacturing,IT,Internal,0.5,10.04
394,304,2026-07-22 04:59:24,0,engaged,Manufacturing,IT,Internal,0.5,0.0
331,426,2026-06-01 21:14:02,1743,pickedup,Marketing,Marketing,Internal,0.5,14.53
351,326,2026-03-09 07:10:54,724,pickedup,Manufacturing,Finance,Internal,0.5,6.03
456,437,2026-05-25 06:50:55,179,pickedup,Finance,Finance,Internal,0.5,1.49
307,431,2026-02-28 07:16:56,259,pickedup,Transport,Manufacturing,Internal,0.5,2.16
350,469,2026-06-24 11:06:14,1788,pickedup,Transport,Manufacturing,Internal,0.5,14.9
371,391,2026-03-29 22:39:30,570,pickedup,IT,Finance,Internal,0.5,4.75
395,343,2026-06-05 22:34:32,0,notpickedup,Transport,Manufacturing,Internal,0.5,0.0
392,344,2026-02-05 22:54:51,750,pickedup,Transport,IT,Internal,0.5,6.25
466,471,2026-01-10 16:13:10,0,notpickedup,Transport,IT,Internal,0.5,0.0
495,351,2026-01-26 23:47:39,978,pickedup,Marketing,Manufacturing,Internal,0.5,8.15
427,358,2026-06-03 21:29:35,1160,pickedup,Manufacturing,IT,Internal,0.5,9.67
357,472,2026-01-04 21:52:58,1735,pickedup,Manufacturing,Transport,Internal,0.5,14.46
402,329,2026-03-21 17:22:50,642,pickedup,IT,IT,Internal,0.5,5.35
303,422,2026-06-28 06:35:48,729,pickedup,Marketing,Transport,Internal,0.5,6.08
320,326,2026-01-21 23:06:12,799,pickedup,Manufacturing,Finance,Internal,0.5,6.66
443,354,2026-08-04 23:06:17,0,notpickedup,Marketing,Marketing,Internal,0.5,0.0
354,500,2026-05-17 07:14:33,1417,pickedup,Marketing,Finance,Internal,0.5,11.81
344,380,2026-05-30 07:43:37,980,pickedup,IT,Transport,Internal,0.5,8.17
379,313,2026-03-04 02:12:20,652,pickedup,Marketing,Finance,Internal,0.5,5.43
379,444,2026-07-18 08:14:17,86,pickedup,Marketing,IT,Internal,0.5,0.72
332,362,2026-07-25 23:31:01,1583,pickedup,Marketing,Transport,Internal,0.5,13.19
430,413,2026-02-21 02:15:52,869,pickedup,IT,Transport,Internal,0.5,7.24
363,316,2026-04-08 23:28:46,0,notpickedup,Transport,Manufacturing,Internal,0.5,0.0
403,456,2026-06-05 22:55:33,124,pickedup,IT,Finance,Internal,0.5,1.03
368,424,2026-06-15 12:10:57,0,notpickedup,IT,IT,Internal,0.5,0.0
357,328,2026-06-18 07:20:47,778,pickedup,Manufacturing,Transport,Internal,0.5,6.48
440,351,2026-05-21 00:12:25,25,pickedup,IT,Manufacturing,Internal,0.5,0.21
302,351,2026-06-10 00:24:27,0,notpickedup,IT,Manufacturing,Internal,0.5,0.0
403,328,2026-04-01 16:18:25,1800,pickedup,IT,Transport,Internal,0.5,15.0
337,320,2026-06-03 17:59:42,0,notpickedup,Transport,Manufacturing,Internal,0.5,0.0
353,371,2026-02-24 17:08:21,1015,pickedup,Finance,IT,Internal,0.5,8.46
307,471,2026-05-24 04:59:12,0,notpickedup,Transport,IT,Internal,0.5,0.0
358,500,2026-05-04 22:55:48,0,notpickedup,IT,Finance,Internal,0.5,0.0
337,500,2026-04-11 17:02:24,622,pickedup,Transport,Finance,Internal,0.5,5.18
350,494,2026-08-09 07:41:06,0,notpickedup,Transport,Transport,Internal,0.5,0.0
430,350,2026-04-22 01:52:26,92,pickedup,IT,Transport,Internal,0.5,0.77
350,456,2026-02-01 21:29:56,1520,pickedup,Transport,Finance,Internal,0.5,12.67
459,303,2026-04-29 19:26:42,120,pickedup,Marketing,Marketing,Internal,0.5,1.0
362,349,2026-07-17 11:26:09,0,notpickedup,Transport,Marketing,Internal,0.5,0.0
444,343,2026-07-02 12:59:19,1280,pickedup,IT,Manufacturing,Internal,0.5,10.67
390,331,2026-05-06 11:07:31,0,notpickedup,Manufacturing,Marketing,Internal,0.5,0.0
348,447,2026-07-04 15:25:11,1188,pickedup,Manufacturing,Finance,Internal,0.5,9.9
491,424,2026-07-28 10:51:05,1241,pickedup,Manufacturing,IT,Internal,0.5,10.34
440,426,2026-07-12 00:50:49,0,notpickedup,IT,Marketing,Internal,0.5,0.0
428,469,2026-02-04 14:44:10,1480,pickedup,Marketing,Manufacturing,Internal,0.5,12.33
349,331,2026-04-09 15:15:34,431,pickedup,Marketing,Marketing,Internal,0.5,3.59
416,427,2026-06-01 19:30:56,1168,pickedup,Finance,Manufacturing,Internal,0.5,9.73
342,396,2026-06-02 06:01:50,693,pickedup,Finance,Marketing,Internal,0.5,5.78
354,329,2026-05-17 13:19:14,1468,pickedup,Marketing,IT,Internal,0.5,12.23
416,374,2026-05-15 07:30:49,1375,pickedup,Finance,Finance,Internal,0.5,11.46
390,475,2026-04-09 19:51:37,1034,pickedup,Manufacturing,Finance,Internal,0.5,8.62
466,421,2026-03-07 14:41:30,0,notpickedup,Transport,Finance,Internal,0.5,0.0
472,366,2026-02-01 03:56:09,0,engaged,Transport,Manufacturing,Internal,0.5,0.0
364,391,2026-04-19 19:20:55,476,pickedup,Manufacturing,Finance,Internal,0.5,3.97
389,314,2026-02-07 20:15:16,985,pickedup,IT,Marketing,Internal,0.5,8.21
491,400,2026-01-26 10:24:01,1019,pickedup,Manufacturing,Marketing,Internal,0.5,8.49
392,390,2026-03-29 08:18:55,1133,pickedup,Transport,Manufacturing,Internal,0.5,9.44
424,335,2026-02-19 09:33:09,0,notpickedup,IT,Manufacturing,Internal,0.5,0.0
388,339,2026-07-22 09:51:37,297,pickedup,Transport,Marketing,Internal,0.5,2.48
471,331,2026-04-20 17:53:09,1376,pickedup,IT,Marketing,Internal,0.5,11.47
388,390,2026-07-29 02:22:03,0,notpickedup,Transport,Manufacturing,Internal,0.5,0.0
496,313,2026-06-29 22:41:02,0,notpickedup,Transport,Finance,Internal,0.5,0.0
304,319,2026-06-06 00:55:48,0,notpickedup,IT,IT,Internal,0.5,0.0
394,339,2026-01-27 23:31:06,1237,pickedup,Manufacturing,Marketing,Internal,0.5,10.31
362,377,2026-02-08 17:10:58,354,pickedup,Transport,Marketing,Internal,0.5,2.95
495,343,2026-08-09 12:02:19,0,notpickedup,Marketing,Manufacturing,Internal,0.5,0.0
473,428,2026-03-10 07:12:20,1655,pickedup,Marketing,Marketing,Internal,0.5,13.79
396,400,2026-05-10 17:01:03,1500,pickedup,Marketing,Marketing,Internal,0.5,12.5
459,390,2026-02-27 04:31:06,1546,pickedup,Marketing,Manufacturing,Internal,0.5,12.88
489,316,2026-07-24 13:31:05,837,pickedup,Finance,Manufacturing,Internal,0.5,6.97
456,395,2026-05-26 00:55:02,0,notpickedup,Finance,Transport,Internal,0.5,0.0
437,456,2026-04-28 15:28:00,168,pickedup,Finance,Finance,Internal,0.5,1.4
377,351,2026-02-28 18:29:33,1602,pickedup,Marketing,Manufacturing,Internal,0.5,13.35
439,471,2026-05-22 05:56:49,0,engaged,IT,IT,Internal,0.5,0.0
316,416,2026-04-09 19:39:32,1714,pickedup,Manufacturing,Finance,Internal,0.5,14.28
337,426,2026-08-06 08:27:35,945,pickedup,Transport,Marketing,Internal,0.5,7.88
466,357,2026-03-18 16:21:06,1168,pickedup,Transport,Manufacturing,Internal,0.5,9.73
304,350,2026-04-16 12:36:10,1105,pickedup,IT,Transport,Internal,0.5,9.21
455,302,2026-06-26 16:27:34,0,engaged,IT,IT,Internal,0.5,0.0
318,371,2026-05-20 00:43:47,0,notpickedup,Transport,IT,Internal,0.5,0.0
491,407,2026-06-04 05:18:25,1134,pickedup,Manufacturing,Transport,Internal,0.5,9.45
412,392,2026-01-03 15:29:54,0,engaged,Finance,Transport,Internal,0.5,0.0
466,327,2026-02-10 13:21:26,0,notpickedup,Transport,Transport,Internal,0.5,0.0
402,365,2026-01-24 04:53:05,0,engaged,IT,Transport,Internal,0.5,0.0
329,313,2026-07-27 12:29:58,0,engaged,IT,Finance,Internal,0.5,0.0
439,494,2026-03-23 03:48:09,884,pickedup,IT,Transport,Internal,0.5,7.37
466,489,2026-03-28 05:46:24,0,engaged,Transport,Finance,Internal,0.5,0.0
348,476,2026-02-04 15:01:29,103,pickedup,Manufacturing,Marketing,Internal,0.5,0.86
423,339,2026-07-24 09:06:29,0,engaged,Manufacturing,Marketing,Internal,0.5,0.0
471,340,2026-06-09 05:35:36,0,notpickedup,IT,IT,Internal,0.5,0.0
316,479,2026-03-03 21:00:06,625,pickedup,Manufacturing,Manufacturing,Internal,0.5,5.21
500,363,2026-04-27 08:02:41,190,pickedup,Finance,Transport,Internal,0.5,1.58
356,379,2026-01-01 10:30:08,0,notpickedup,IT,Marketing,Internal,0.5,0.0
379,344,2026-06-28 01:27:03,1266,pickedup,Marketing,IT,Internal,0.5,10.55
437,456,2026-08-01 21:43:16,69,pickedup,Finance,Finance,Internal,0.5,0.57
366,360,2026-04-28 23:53:42,927,pickedup,Manufacturing,IT,Internal,0.5,7.72
400,348,2026-04-20 11:41:37,344,pickedup,Marketing,Manufacturing,Internal,0.5,2.87
349,421,2026-05-23 12:18:43,421,pickedup,Marketing,Finance,Internal,0.5,3.51
400,466,2026-01-27 20:26:07,1732,pickedup,Marketing,Transport,Internal,0.5,14.43
428,318,2026-03-28 01:09:07,0,notpickedup,Marketing,Transport,Internal,0.5,0.0
475,444,2026-07-08 05:47:06,1625,pickedup,Finance,IT,Internal,0.5,13.54
348,475,2026-01-03 03:34:10,1800,pickedup,Manufacturing,Finance,Internal,0.5,15.0
327,444,2026-07-07 11:13:09,0,engaged,Transport,IT,Internal,0.5,0.0
437,307,2026-02-04 13:10:21,1377,pickedup,Finance,Transport,Internal,0.5,11.47
326,400,2026-02-01 18:58:19,1770,pickedup,Finance,Marketing,Internal,0.5,14.75
313,316,2026-08-09 06:44:18,1463,pickedup,Finance,Manufacturing,Internal,0.5,12.19
347,473,2026-06-18 22:52:07,1666,pickedup,Finance,Marketing,Internal,0.5,13.88
331,371,2026-01-07 11:27:15,0,engaged,Marketing,IT,Internal,0.5,0.0
382,380,2026-01-03 09:14:43,350,pickedup,Transport,Transport,Internal,0.5,2.92
439,447,2026-05-11 09:34:11,0,notpickedup,IT,Finance,Internal,0.5,0.0
384,496,2026-07-20 09:05:20,953,pickedup,IT,Transport,Internal,0.5,7.94
329,472,2026-02-22 05:13:04,707,pickedup,IT,Transport,Internal,0.5,5.89
440,466,2026-07-14 20:14:18,0,notpickedup,IT,Transport,Internal,0.5,0.0
402,495,2026-02-04 18:40:42,0,engaged,IT,Marketing,Internal,0.5,0.0
482,472,2026-07-15 22:21:48,190,pickedup,IT,Transport,Internal,0.5,1.58
396,314,2026-06-02 06:08:57,695,pickedup,Marketing,Marketing,Internal,0.5,5.79
307,479,2026-02-23 12:20:56,1139,pickedup,Transport,Manufacturing,Internal,0.5,9.49
326,412,2026-08-01 05:40:22,677,pickedup,Finance,Finance,Internal,0.5,5.64
500,356,2026-04-11 22:49:08,1716,pickedup,Finance,IT,Internal,0.5,14.3
450,471,2026-01-02 18:39:45,438,pickedup,Transport,IT,Internal,0.5,3.65
302,495,2026-02-09 05:11:54,442,pickedup,IT,Marketing,Internal,0.5,3.68
319,377,2026-01-08 15:00:27,57,pickedup,IT,Marketing,Internal,0.5,0.47
413,427,2026-05-23 07:50:51,92,pickedup,Transport,Manufacturing,Internal,0.5,0.77
340,413,2026-01-13 15:28:04,933,pickedup,IT,Transport,Internal,0.5,7.78
422,403,2026-02-08 03:45:23,702,pickedup,Transport,IT,Internal,0.5,5.85
360,437,2026-05-07 02:38:48,0,notpickedup,IT,Finance,Internal,0.5,0.0
351,326,2026-01-13 02:02:48,0,notpickedup,Manufacturing,Finance,Internal,0.5,0.0
302,500,2026-02-19 20:06:01,358,pickedup,IT,Finance,Internal,0.5,2.98
344,412,2026-02-20 02:14:56,0,notpickedup,IT,Finance,Internal,0.5,0.0
384,440,2026-02-09 22:16:33,1720,pickedup,IT,IT,Internal,0.5,14.33
455,403,2026-04-29 01:33:55,126,pickedup,IT,IT,Internal,0.5,1.05
494,382,2026-08-13 15:12:08,1749,pickedup,Transport,Transport,Internal,0.5,14.57
382,351,2026-07-12 16:45:36,1602,pickedup,Transport,Manufacturing,Internal,0.5,13.35
389,388,2026-07-17 12:07:11,934,pickedup,IT,Transport,Internal,0.5,7.78
366,360,2026-06-02 14:55:29,0,engaged,Manufacturing,IT,Internal,0.5,0.0
413,445,2026-06-19 22:10:32,0,notpickedup,Transport,IT,Internal,0.5,0.0
469,340,2026-01-20 00:27:11,0,notpickedup,Manufacturing,IT,Internal,0.5,0.0
320,471,2026-05-23 21:44:50,1742,pickedup,Manufacturing,IT,Internal,0.5,14.52
354,431,2026-06-03 02:19:43,990,pickedup,Marketing,Manufacturing,Internal,0.5,8.25
304,358,2026-02-14 15:41:01,0,notpickedup,IT,IT,Internal,0.5,0.0
396,476,2026-01-14 18:39:41,184,pickedup,Marketing,Marketing,Internal,0.5,1.53
455,447,2026-04-26 16:18:26,0,notpickedup,IT,Finance,Internal,0.5,0.0
335,473,2026-05-15 09:48:26,0,notpickedup,Manufacturing,Marketing,Internal,0.5,0.0
303,424,2026-07-22 17:45:37,0,engaged,Marketing,IT,Internal,0.5,0.0
472,319,2026-04-06 09:49:52,0,engaged,Transport,IT,Internal,0.5,0.0
459,439,2026-08-07 01:27:48,0,notpickedup,Marketing,IT,Internal,0.5,0.0
364,407,2026-06-20 14:53:21,255,pickedup,Manufacturing,Transport,Internal,0.5,2.12
390,445,2026-06-28 11:00:23,5,pickedup,Manufacturing,IT,Internal,0.5,0.04
307,439,2026-04-20 15:14:54,252,pickedup,Transport,IT,Internal,0.5,2.1
319,444,2026-03-18 10:00:15,883,pickedup,IT,IT,Internal,0.5,7.36
391,343,2026-02-06 20:25:27,1432,pickedup,Finance,Manufacturing,Internal,0.5,11.93
342,327,2026-04-22 14:01:02,0,engaged,Finance,Transport,Internal,0.5,0.0
481,440,2026-03-12 11:48:50,0,engaged,IT,IT,Internal,0.5,0.0
340,318,2026-04-03 18:27:28,604,pickedup,IT,Transport,Internal,0.5,5.03
491,473,2026-05-29 16:56:18,0,notpickedup,Manufacturing,Marketing,Internal,0.5,0.0
314,356,2026-03-10 15:22:34,654,pickedup,Marketing,IT,Internal,0.5,5.45
347,412,2026-02-01 15:23:36,0,notpickedup,Finance,Finance,Internal,0.5,0.0
371,426,2026-04-09 15:39:40,1075,pickedup,IT,Marketing,Internal,0.5,8.96
421,358,2026-01-16 03:59:20,0,engaged,Finance,IT,Internal,0.5,0.0
437,371,2026-05-06 07:29:51,0,notpickedup,Finance,IT,Internal,0.5,0.0
407,358,2026-02-23 07:20:47,1249,pickedup,Transport,IT,Internal,0.5,10.41
496,350,2026-06-06 05:26:00,0,engaged,Transport,Transport,Internal,0.5,0.0
400,392,2026-07-22 20:55:23,1585,pickedup,Marketing,Transport,Internal,0.5,13.21
371,368,2026-07-14 05:10:56,983,pickedup,IT,IT,Internal,0.5,8.19
319,342,2026-03-25 16:35:39,1294,pickedup,IT,Finance,Internal,0.5,10.78
395,313,2026-04-26 03:33:25,762,pickedup,Transport,Finance,Internal,0.5,6.35
491,347,2026-02-21 15:10:47,0,notpickedup,Manufacturing,Finance,Internal,0.5,0.0
408,424,2026-07-06 22:46:30,0,notpickedup,IT,IT,Internal,0.5,0.0
331,456,2026-06-07 11:05:05,1146,pickedup,Marketing,Finance,Internal,0.5,9.55
360,472,2026-04-16 16:34:20,959,pickedup,IT,Transport,Internal,0.5,7.99
431,400,2026-05-26 07:47:45,1732,pickedup,Manufacturing,Marketing,Internal,0.5,14.43
469,365,2026-02-17 17:04:44,406,pickedup,Manufacturing,Transport,Internal,0.5,3.38
431,395,2026-01-03 09:18:22,0,engaged,Manufacturing,Transport,Internal,0.5,0.0
343,303,2026-07-29 08:55:45,0,engaged,Manufacturing,Marketing,Internal,0.5,0.0
469,328,2026-04-12 02:53:21,1524,pickedup,Manufacturing,Transport,Internal,0.5,12.7
377,319,2026-07-31 03:31:05,909,pickedup,Marketing,IT,Internal,0.5,7.58
343,476,2026-03-01 15:10:51,577,pickedup,Manufacturing,Marketing,Internal,0.5,4.81
380,426,2026-01-15 21:35:30,456,pickedup,Transport,Marketing,Internal,0.5,3.8
455,349,2026-01-13 04:07:57,449,pickedup,IT,Marketing,Internal,0.5,3.74
408,392,2026-04-20 08:44:16,1587,pickedup,IT,Transport,Internal,0.5,13.22
349,428,2026-06-21 01:45:18,0,notpickedup,Marketing,Marketing,Internal,0.5,0.0
412,368,2026-04-07 22:59:29,0,notpickedup,Finance,IT,Internal,0.5,0.0
413,319,2026-06-05 15:25:10,993,pickedup,Transport,IT,Internal,0.5,8.28
444,314,2026-02-14 17:29:45,1211,pickedup,IT,Marketing,Internal,0.5,10.09
494,353,2026-04-11 01:32:58,934,pickedup,Transport,Finance,Internal,0.5,7.78
473,327,2026-01-16 16:45:05,0,notpickedup,Marketing,Transport,Internal,0.5,0.0
439,481,2026-06-13 22:49:03,1670,pickedup,IT,IT,Internal,0.5,13.92
360,365,2026-01-15 18:34:19,1226,pickedup,IT,Transport,Internal,0.5,10.22
495,304,2026-04-17 01:47:00,768,pickedup,Marketing,IT,Internal,0.5,6.4
403,332,2026-01-24 10:07:04,131,pickedup,IT,Marketing,Internal,0.5,1.09
377,391,2026-07-10 17:21:16,1769,pickedup,Marketing,Finance,Internal,0.5,14.74
469,489,2026-07-21 06:32:00,574,pickedup,Manufacturing,Finance,Internal,0.5,4.78
401,443,2026-03-06 08:18:56,257,pickedup,Marketing,Marketing,Internal,0.5,2.14
426,371,2026-01-13 03:50:45,590,pickedup,Marketing,IT,Internal,0.5,4.92
482,426,2026-04-18 21:34:50,454,pickedup,IT,Marketing,Internal,0.5,3.78
354,377,2026-05-24 09:19:06,0,notpickedup,Marketing,Marketing,Internal,0.5,0.0
389,391,2026-07-28 03:50:25,0,engaged,IT,Finance,Internal,0.5,0.0
489,329,2026-01-10 16:24:50,920,pickedup,Finance,IT,Internal,0.5,7.67
390,394,2026-02-24 00:05:41,0,engaged,Manufacturing,Manufacturing,Internal,0.5,0.0
304,384,2026-02-19 01:10:42,1129,pickedup,IT,IT,Internal,0.5,9.41
408,371,2026-02-25 05:47:51,577,pickedup,IT,IT,Internal,0.5,4.81
440,332,2026-06-27 09:54:48,233,pickedup,IT,Marketing,Internal,0.5,1.94
472,356,2026-06-30 13:55:01,892,pickedup,Transport,IT,Internal,0.5,7.43
396,402,2026-05-24 18:55:15,0,notpickedup,Marketing,IT,Internal,0.5,0.0
494,445,2026-02-17 07:29:35,0,notpickedup,Transport,IT,Internal,0.5,0.0
431,350,2026-03-08 10:53:35,404,pickedup,Manufacturing,Transport,Internal,0.5,3.37
401,326,2026-05-05 22:06:12,0,notpickedup,Marketing,Finance,Internal,0.5,0.0
421,479,2026-05-24 15:35:02,0,notpickedup,Finance,Manufacturing,Internal,0.5,0.0
335,302,2026-08-09 14:23:03,0,notpickedup,Manufacturing,IT,Internal,0.5,0.0
447,314,2026-05-28 02:07:25,466,pickedup,Finance,Marketing,Internal,0.5,3.88
396,447,2026-07-17 20:56:43,262,pickedup,Marketing,Finance,Internal,0.5,2.18
444,413,2026-06-13 10:39:03,1646,pickedup,IT,Transport,Internal,0.5,13.72
339,479,2026-02-11 11:19:47,807,pickedup,Marketing,Manufacturing,Internal,0.5,6.72
362,344,2026-01-07 21:00:51,1585,pickedup,Transport,IT,Internal,0.5,13.21
318,304,2026-05-13 12:35:02,422,pickedup,Transport,IT,Internal,0.5,3.52
396,416,2026-02-23 13:40:24,0,notpickedup,Marketing,Finance,Internal,0.5,0.0
481,360,2026-07-26 18:21:07,0,notpickedup,IT,IT,Internal,0.5,0.0
374,473,2026-02-10 18:34:44,923,pickedup,Finance,Marketing,Internal,0.5,7.69
388,481,2026-03-27 19:15:12,762,pickedup,Transport,IT,Internal,0.5,6.35
371,403,2026-06-30 13:37:29,0,notpickedup,IT,IT,Internal,0.5,0.0
440,392,2026-02-26 03:24:42,1155,pickedup,IT,Transport,Internal,0.5,9.62
500,365,2026-03-04 19:07:22,656,pickedup,Finance,Transport,Internal,0.5,5.47
358,466,2026-02-22 19:15:01,434,pickedup,IT,Transport,Internal,0.5,3.62
473,396,2026-05-25 03:09:33,0,engaged,Marketing,Marketing,Internal,0.5,0.0
384,390,2026-01-21 19:40:10,1787,pickedup,IT,Manufacturing,Internal,0.5,14.89
444,319,2026-05-02 01:51:41,1520,pickedup,IT,IT,Internal,0.5,12.67
426,366,2026-08-09 00:46:18,455,pickedup,Marketing,Manufacturing,Internal,0.5,3.79
471,327,2026-05-13 12:15:01,0,notpickedup,IT,Transport,Internal,0.5,0.0
382,368,2026-01-06 17:24:58,0,notpickedup,Transport,IT,Internal,0.5,0.0
395,390,2026-03-17 03:41:21,884,pickedup,Transport,Manufacturing,Internal,0.5,7.37
431,354,2026-01-27 17:53:31,217,pickedup,Manufacturing,Marketing,Internal,0.5,1.81
327,424,2026-08-04 04:35:06,38,pickedup,Transport,IT,Internal,0.5,0.32
358,329,2026-02-23 14:33:24,1320,pickedup,IT,IT,Internal,0.5,11.0
437,349,2026-02-15 16:40:46,0,engaged,Finance,Marketing,Internal,0.5,0.0
447,332,2026-01-30 23:35:45,549,pickedup,Finance,Marketing,Internal,0.5,4.58
377,302,2026-07-25 18:16:19,0,notpickedup,Marketing,IT,Internal,0.5,0.0
342,473,2026-03-12 04:40:04,0,notpickedup,Finance,Marketing,Internal,0.5,0.0
482,443,2026-07-26 19:41:59,994,pickedup,IT,Marketing,Internal,0.5,8.28
327,316,2026-08-12 23:19:45,1089,pickedup,Transport,Manufacturing,Internal,0.5,9.07
329,445,2026-01-06 21:05:26,1311,pickedup,IT,IT,Internal,0.5,10.93
326,472,2026-03-19 09:49:04,0,notpickedup,Finance,Transport,Internal,0.5,0.0
382,327,2026-04-29 23:42:48,668,pickedup,Transport,Transport,Internal,0.5,5.57
394,390,2026-07-28 14:14:27,85,pickedup,Manufacturing,Manufacturing,Internal,0.5,0.71
318,391,2026-07-14 15:11:59,0,notpickedup,Transport,Finance,Internal,0.5,0.0
500,351,2026-01-30 01:28:28,1700,pickedup,Finance,Manufacturing,Internal,0.5,14.17
482,371,2026-03-10 03:55:13,364,pickedup,IT,IT,Internal,0.5,3.03
459,388,2026-04-19 15:12:46,1745,pickedup,Marketing,Transport,Internal,0.5,14.54
479,340,2026-06-24 04:27:57,21,pickedup,Manufacturing,IT,Internal,0.5,0.17
430,479,2026-06-05 04:45:33,1122,pickedup,IT,Manufacturing,Internal,0.5,9.35
482,366,2026-06-24 08:01:57,0,notpickedup,IT,Manufacturing,Internal,0.5,0.0
326,469,2026-01-14 21:24:10,624,pickedup,Finance,Manufacturing,Internal,0.5,5.2
335,328,2026-01-28 00:20:44,1763,pickedup,Manufacturing,Transport,Internal,0.5,14.69
413,427,2026-05-18 06:50:25,0,notpickedup,Transport,Manufacturing,Internal,0.5,0.0
439,365,2026-04-14 19:52:32,0,engaged,IT,Transport,Internal,0.5,0.0
421,500,2026-05-20 15:20:34,1675,pickedup,Finance,Finance,Internal,0.5,13.96
450,481,2026-07-01 05:19:58,0,notpickedup,Transport,IT,Internal,0.5,0.0
475,400,2026-08-12 11:43:30,807,pickedup,Finance,Marketing,Internal,0.5,6.72
318,482,2026-05-12 11:18:44,813,pickedup,Transport,IT,Internal,0.5,6.78
328,389,2026-04-13 16:45:21,19,pickedup,Transport,IT,Internal,0.5,0.16
350,332,2026-08-13 16:41:12,0,notpickedup,Transport,Marketing,Internal,0.5,0.0
337,466,2026-07-21 12:18:21,1219,pickedup,Transport,Transport,Internal,0.5,10.16
416,314,2026-03-27 11:50:43,271,pickedup,Finance,Marketing,Internal,0.5,2.26
416,377,2026-07-28 20:18:14,0,notpickedup,Finance,Marketing,Internal,0.5,0.0
363,423,2026-04-18 09:52:06,922,pickedup,Transport,Manufacturing,Internal,0.5,7.68
344,319,2026-07-05 22:11:43,0,notpickedup,IT,IT,Internal,0.5,0.0
422,320,2026-06-03 22:36:47,1444,pickedup,Transport,Manufacturing,Internal,0.5,12.03
327,328,2026-05-28 22:02:48,1396,pickedup,Transport,Transport,Internal,0.5,11.63
331,379,2026-05-05 23:45:22,229,pickedup,Marketing,Marketing,Internal,0.5,1.91
356,353,2026-04-07 22:16:24,0,engaged,IT,Finance,Internal,0.5,0.0
331,469,2026-03-04 11:27:06,0,notpickedup,Marketing,Manufacturing,Internal,0.5,0.0
353,347,2026-04-08 19:52:27,1719,pickedup,Finance,Finance,Internal,0.5,14.32
365,331,2026-03-05 06:06:00,1359,pickedup,Transport,Marketing,Internal,0.5,11.32
302,496,2026-08-02 11:32:24,0,notpickedup,IT,Transport,Internal,0.5,0.0
500,382,2026-07-02 01:16:19,222,pickedup,Finance,Transport,Internal,0.5,1.85
389,332,2026-07-19 17:58:02,0,engaged,IT,Marketing,Internal,0.5,0.0
413,444,2026-07-13 03:40:15,417,pickedup,Transport,IT,Internal,0.5,3.48
427,335,2026-06-03 03:59:29,0,engaged,Manufacturing,Manufacturing,Internal,0.5,0.0
380,455,2026-04-01 16:50:22,1349,pickedup,Transport,IT,Internal,0.5,11.24
459,388,2026-07-31 17:57:49,0,engaged,Marketing,Transport,Internal,0.5,0.0
364,422,2026-08-10 08:14:41,1075,pickedup,Manufacturing,Transport,Internal,0.5,8.96
380,424,2026-04-27 22:42:10,1158,pickedup,Transport,IT,Internal,0.5,9.65
403,366,2026-01-06 05:04:23,0,engaged,IT,Manufacturing,Internal,0.5,0.0
437,400,2026-03-08 18:58:07,0,notpickedup,Finance,Marketing,Internal,0.5,0.0
495,456,2026-03-10 06:36:58,0,notpickedup,Marketing,Finance,Internal,0.5,0.0
326,337,2026-07-27 08:21:22,23,pickedup,Finance,Transport,Internal,0.5,0.19
491,304,2026-05-05 02:38:15,1441,pickedup,Manufacturing,IT,Internal,0.5,12.01
431,316,2026-07-10 16:57:58,0,notpickedup,Manufacturing,Manufacturing,Internal,0.5,0.0
389,500,2026-06-05 11:04:49,0,engaged,IT,Finance,Internal,0.5,0.0
335,479,2026-07-06 15:28:49,0,engaged,Manufacturing,Manufacturing,Internal,0.5,0.0
335,412,2026-06-22 01:20:16,426,pickedup,Manufacturing,Finance,Internal,0.5,3.55
363,482,2026-08-03 15:58:11,986,pickedup,Transport,IT,Internal,0.5,8.22
368,332,2026-03-25 23:04:00,856,pickedup,IT,Marketing,Internal,0.5,7.13
313,374,2026-08-07 14:18:49,624,pickedup,Finance,Finance,Internal,0.5,5.2
377,424,2026-03-29 05:13:27,1404,pickedup,Marketing,IT,Internal,0.5,11.7
412,347,2026-03-10 09:27:22,1223,pickedup,Finance,Finance,Internal,0.5,10.19
350,421,2026-01-09 18:34:04,142,pickedup,Transport,Finance,Internal,0.5,1.18
343,401,2026-02-27 16:12:59,1571,pickedup,Manufacturing,Marketing,Internal,0.5,13.09
349,339,2026-02-22 12:58:50,0,engaged,Marketing,Marketing,Internal,0.5,0.0
402,413,2026-05-28 01:16:53,0,notpickedup,IT,Transport,Internal,0.5,0.0
350,428,2026-02-19 02:20:51,436,pickedup,Transport,Marketing,Internal,0.5,3.63
351,350,2026-02-23 08:56:40,1456,pickedup,Manufacturing,Transport,Internal,0.5,12.13
422,360,2026-03-23 06:43:56,492,pickedup,Transport,IT,Internal,0.5,4.1
364,447,2026-07-16 16:29:54,0,notpickedup,Manufacturing,Finance,Internal,0.5,0.0
364,466,2026-07-28 13:31:18,1610,pickedup,Manufacturing,Transport,Internal,0.5,13.42
439,356,2026-04-08 07:27:25,703,pickedup,IT,IT,Internal,0.5,5.86
412,374,2026-04-03 11:26:14,0,notpickedup,Finance,Finance,Internal,0.5,0.0
476,331,2026-02-03 00:53:13,1354,pickedup,Marketing,Marketing,Internal,0.5,11.28
351,390,2026-05-28 19:42:19,959,pickedup,Manufacturing,Manufacturing,Internal,0.5,7.99
351,348,2026-02-26 21:25:05,727,pickedup,Manufacturing,Manufacturing,Internal,0.5,6.06
395,494,2026-05-14 20:55:43,1561,pickedup,Transport,Transport,Internal,0.5,13.01
357,365,2026-05-20 11:13:54,448,pickedup,Manufacturing,Transport,Internal,0.5,3.73
431,358,2026-05-29 02:13:56,19,pickedup,Manufacturing,IT,Internal,0.5,0.16
430,313,2026-01-03 12:14:12,0,engaged,IT,Finance,Internal,0.5,0.0
473,388,2026-01-03 16:19:40,1356,pickedup,Marketing,Transport,Internal,0.5,11.3
408,469,2026-05-03 21:12:20,0,engaged,IT,Manufacturing,Internal,0.5,0.0
366,391,2026-07-27 01:31:52,671,pickedup,Manufacturing,Finance,Internal,0.5,5.59
351,371,2026-05-18 11:21:31,1033,pickedup,Manufacturing,IT,Internal,0.5,8.61
339,379,2026-02-07 00:29:16,1762,pickedup,Marketing,Marketing,Internal,0.5,14.68
450,349,2026-07-09 14:31:37,416,pickedup,Transport,Marketing,Internal,0.5,3.47
360,382,2026-05-12 02:09:14,1224,pickedup,IT,Transport,Internal,0.5,10.2
407,302,2026-03-24 14:49:17,1109,pickedup,Transport,IT,Internal,0.5,9.24
439,424,2026-04-27 02:50:37,0,engaged,IT,IT,Internal,0.5,0.0
401,437,2026-04-03 17:47:51,612,pickedup,Marketing,Finance,Internal,0.5,5.1
302,401,2026-01-21 02:17:53,648,pickedup,IT,Marketing,Internal,0.5,5.4
344,313,2026-07-12 09:55:55,295,pickedup,IT,Finance,Internal,0.5,2.46
335,326,2026-01-15 15:06:39,0,engaged,Manufacturing,Finance,Internal,0.5,0.0
469,475,2026-05-03 19:50:33,1123,pickedup,Manufacturing,Finance,Internal,0.5,9.36
356,500,2026-05-11 03:34:01,1629,pickedup,IT,Finance,Internal,0.5,13.57
447,347,2026-05-07 05:21:07,464,pickedup,Finance,Finance,Internal,0.5,3.87
368,351,2026-01-25 07:34:21,120,pickedup,IT,Manufacturing,Internal,0.5,1.0
431,421,2026-04-13 00:50:40,1717,pickedup,Manufacturing,Finance,Internal,0.5,14.31
472,431,2026-02-21 15:50:21,1712,pickedup,Transport,Manufacturing,Internal,0.5,14.27
450,335,2026-02-16 10:09:51,892,pickedup,Transport,Manufacturing,Internal,0.5,7.43
437,368,2026-08-04 23:15:11,132,pickedup,Finance,IT,Internal,0.5,1.1
402,379,2026-03-06 02:36:03,0,notpickedup,IT,Marketing,Internal,0.5,0.0
444,319,2026-06-04 20:53:23,1094,pickedup,IT,IT,Internal,0.5,9.12
374,496,2026-04-30 10:58:22,1314,pickedup,Finance,Transport,Internal,0.5,10.95
353,422,2026-06-30 00:28:08,0,engaged,Finance,Transport,Internal,0.5,0.0
495,396,2026-08-10 01:24:45,574,pickedup,Marketing,Marketing,Internal,0.5,4.78
416,384,2026-07-31 19:42:46,1400,pickedup,Finance,IT,Internal,0.5,11.67
479,450,2026-03-09 13:42:52,556,pickedup,Manufacturing,Transport,Internal,0.5,4.63
394,423,2026-03-29 15:58:02,0,engaged,Manufacturing,Manufacturing,Internal,0.5,0.0
377,349,2026-04-15 15:04:38,1714,pickedup,Marketing,Marketing,Internal,0.5,14.28
377,494,2026-05-19 04:21:31,213,pickedup,Marketing,Transport,Internal,0.5,1.77
447,314,2026-04-24 03:22:22,527,pickedup,Finance,Marketing,Internal,0.5,4.39
320,362,2026-06-27 16:13:23,502,pickedup,Manufacturing,Transport,Internal,0.5,4.18
335,500,2026-03-15 16:18:27,0,engaged,Manufacturing,Finance,Internal,0.5,0.0
314,437,2026-05-18 02:46:00,1009,pickedup,Marketing,Finance,Internal,0.5,8.41
500,358,2026-08-10 11:19:37,0,engaged,Finance,IT,Internal,0.5,0.0
374,471,2026-08-13 07:00:12,0,notpickedup,Finance,IT,Internal,0.5,0.0
377,491,2026-06-27 10:57:01,322,pickedup,Marketing,Manufacturing,Internal,0.5,2.68
360,394,2026-08-12 00:03:46,0,engaged,IT,Manufacturing,Internal,0.5,0.0
391,496,2026-07-02 05:24:33,0,engaged,Finance,Transport,Internal,0.5,0.0
343,455,2026-07-01 00:18:43,1615,pickedup,Manufacturing,IT,Internal,0.5,13.46
479,326,2026-02-13 23:35:09,712,pickedup,Manufacturing,Finance,Internal,0.5,5.93
472,391,2026-01-22 05:22:54,0,notpickedup,Transport,Finance,Internal,0.5,0.0
332,427,2026-04-05 07:50:30,1320,pickedup,Marketing,Manufacturing,Internal,0.5,11.0
422,350,2026-05-17 04:17:08,0,notpickedup,Transport,Transport,Internal,0.5,0.0
466,347,2026-04-30 22:16:37,0,engaged,Transport,Finance,Internal,0.5,0.0
337,304,2026-08-04 15:20:39,0,notpickedup,Transport,IT,Internal,0.5,0.0
426,319,2026-02-21 19:20:56,126,pickedup,Marketing,IT,Internal,0.5,1.05
396,392,2026-03-23 19:53:01,0,engaged,Marketing,Transport,Internal,0.5,0.0
437,428,2026-03-11 11:51:21,999,pickedup,Finance,Marketing,Internal,0.5,8.32
456,307,2026-01-15 03:51:00,1334,pickedup,Finance,Transport,Internal,0.5,11.12
472,445,2026-04-13 12:45:25,1435,pickedup,Transport,IT,Internal,0.5,11.96
349,422,2026-07-12 21:26:43,819,pickedup,Marketing,Transport,Internal,0.5,6.83
347,351,2026-01-15 04:44:39,1708,pickedup,Finance,Manufacturing,Internal,0.5,14.23
347,395,2026-03-01 23:45:23,0,notpickedup,Finance,Transport,Internal,0.5,0.0
326,431,2026-08-03 05:03:31,238,pickedup,Finance,Manufacturing,Internal,0.5,1.98
377,347,2026-05-03 12:10:17,1140,pickedup,Marketing,Finance,Internal,0.5,9.5
331,494,2026-06-14 07:45:23,774,pickedup,Marketing,Transport,Internal,0.5,6.45
339,450,2026-04-01 09:30:51,502,pickedup,Marketing,Transport,Internal,0.5,4.18
412,423,2026-07-24 17:10:05,1768,pickedup,Finance,Manufacturing,Internal,0.5,14.73
335,401,2026-02-01 04:26:30,51,pickedup,Manufacturing,Marketing,Internal,0.5,0.42
313,500,2026-07-27 00:46:17,476,pickedup,Finance,Finance,Internal,0.5,3.97
439,473,2026-05-13 18:43:04,1518,pickedup,IT,Marketing,Internal,0.5,12.65
423,408,2026-06-17 21:26:36,0,notpickedup,Manufacturing,IT,Internal,0.5,0.0
351,368,2026-02-20 22:53:54,1640,pickedup,Manufacturing,IT,Internal,0.5,13.67
351,342,2026-06-21 16:53:05,0,notpickedup,Manufacturing,Finance,Internal,0.5,0.0
403,343,2026-05-14 03:52:38,333,pickedup,IT,Manufacturing,Internal,0.5,2.77
426,402,2026-08-02 04:58:20,667,pickedup,Marketing,IT,Internal,0.5,5.56
335,395,2026-06-18 04:31:33,0,notpickedup,Manufacturing,Transport,Internal,0.5,0.0
303,431,2026-06-07 04:34:17,167,pickedup,Marketing,Manufacturing,Internal,0.5,1.39
360,342,2026-03-18 23:25:49,1262,pickedup,IT,Finance,Internal,0.5,10.52
348,408,2026-03-04 06:51:20,1752,pickedup,Manufacturing,IT,Internal,0.5,14.6
362,337,2026-04-07 02:02:54,537,pickedup,Transport,Transport,Internal,0.5,4.47
331,421,2026-02-03 23:40:00,0,engaged,Marketing,Finance,Internal,0.5,0.0
469,421,2026-02-18 10:48:32,0,engaged,Manufacturing,Finance,Internal,0.5,0.0
471,440,2026-07-13 08:38:57,1512,pickedup,IT,IT,Internal,0.5,12.6
496,320,2026-05-08 09:14:15,347,pickedup,Transport,Manufacturing,Internal,0.5,2.89
396,363,2026-04-22 20:34:59,151,pickedup,Marketing,Transport,Internal,0.5,1.26
353,437,2026-04-07 18:33:59,892,pickedup,Finance,Finance,Internal,0.5,7.43
380,353,2026-02-10 03:08:52,635,pickedup,Transport,Finance,Internal,0.5,5.29
362,382,2026-03-14 04:39:44,892,pickedup,Transport,Transport,Internal,0.5,7.43
371,482,2026-05-05 08:14:05,1194,pickedup,IT,IT,Internal,0.5,9.95
368,377,2026-01-09 16:14:11,0,engaged,IT,Marketing,Internal,0.5,0.0
344,489,2026-03-06 02:44:13,1626,pickedup,IT,Finance,Internal,0.5,13.55
489,304,2026-04-03 02:05:55,130,pickedup,Finance,IT,Internal,0.5,1.08
395,421,2026-04-26 09:32:12,65,pickedup,Transport,Finance,Internal,0.5,0.54
356,469,2026-03-09 17:36:13,1669,pickedup,IT,Manufacturing,Internal,0.5,13.91
327,374,2026-07-04 22:55:55,789,pickedup,Transport,Finance,Internal,0.5,6.58
431,402,2026-01-04 23:53:44,1651,pickedup,Manufacturing,IT,Internal,0.5,13.76
362,314,2026-08-10 09:30:16,0,notpickedup,Transport,Marketing,Internal,0.5,0.0
380,394,2026-05-29 11:24:32,624,pickedup,Transport,Manufacturing,Internal,0.5,5.2
340,353,2026-06-24 06:17:43,217,pickedup,IT,Finance,Internal,0.5,1.81
392,416,2026-02-22 02:29:15,759,pickedup,Transport,Finance,Internal,0.5,6.33
307,350,2026-01-20 06:01:04,680,pickedup,Transport,Transport,Internal,0.5,5.67
447,426,2026-07-16 10:56:29,1312,pickedup,Finance,Marketing,Internal,0.5,10.93
396,349,2026-03-29 12:33:31,1188,pickedup,Marketing,Marketing,Internal,0.5,9.9
439,396,2026-03-26 09:54:05,858,pickedup,IT,Marketing,Internal,0.5,7.15
471,401,2026-06-14 07:36:55,654,pickedup,IT,Marketing,Internal,0.5,5.45
496,362,2026-01-03 12:31:45,1556,pickedup,Transport,Transport,Internal,0.5,12.97
450,391,2026-01-21 17:58:54,0,notpickedup,Transport,Finance,Internal,0.5,0.0
303,416,2026-04-17 22:03:45,0,engaged,Marketing,Finance,Internal,0.5,0.0
328,350,2026-08-06 17:31:29,239,pickedup,Transport,Transport,Internal,0.5,1.99
326,327,2026-03-07 07:14:49,1342,pickedup,Finance,Transport,Internal,0.5,11.18
390,331,2026-04-21 05:34:08,1519,pickedup,Manufacturing,Marketing,Internal,0.5,12.66
366,400,2026-02-01 07:08:44,1595,pickedup,Manufacturing,Marketing,Internal,0.5,13.29
377,340,2026-07-03 07:15:33,425,pickedup,Marketing,IT,Internal,0.5,3.54
481,469,2026-02-02 10:24:26,0,notpickedup,IT,Manufacturing,Internal,0.5,0.0
314,428,2026-02-15 22:56:28,0,notpickedup,Marketing,Marketing,Internal,0.5,0.0
421,314,2026-01-07 14:46:47,0,notpickedup,Finance,Marketing,Internal,0.5,0.0
500,413,2026-02-20 11:01:59,637,pickedup,Finance,Transport,Internal,0.5,5.31
366,413,2026-04-05 23:15:59,1601,pickedup,Manufacturing,Transport,Internal,0.5,13.34
471,357,2026-03-08 09:02:46,1455,pickedup,IT,Manufacturing,Internal,0.5,12.12
343,374,2026-06-21 11:37:28,1328,pickedup,Manufacturing,Finance,Internal,0.5,11.07
413,443,2026-01-19 15:47:47,1750,pickedup,Transport,Marketing,Internal,0.5,14.58
431,403,2026-03-10 10:23:16,925,pickedup,Manufacturing,IT,Internal,0.5,7.71
456,362,2026-01-03 11:04:31,0,notpickedup,Finance,Transport,Internal,0.5,0.0
422,319,2026-03-10 12:48:12,0,notpickedup,Transport,IT,Internal,0.5,0.0
428,350,2026-06-21 01:54:06,588,pickedup,Marketing,Transport,Internal,0.5,4.9
422,326,2026-07-19 17:58:35,0,engaged,Transport,Finance,Internal,0.5,0.0
363,374,2026-03-14 18:19:22,0,notpickedup,Transport,Finance,Internal,0.5,0.0
447,351,2026-07-19 07:44:48,367,pickedup,Finance,Manufacturing,Internal,0.5,3.06
428,365,2026-01-19 12:16:59,1558,pickedup,Marketing,Transport,Internal,0.5,12.98
440,396,2026-04-06 09:25:48,1766,pickedup,IT,Marketing,Internal,0.5,14.72
389,439,2026-06-19 08:18:22,0,notpickedup,IT,IT,Internal,0.5,0.0
374,303,2026-05-04 14:03:40,1133,pickedup,Finance,Marketing,Internal,0.5,9.44
500,360,2026-05-20 05:30:00,1658,pickedup,Finance,IT,Internal,0.5,13.82
303,342,2026-05-02 15:47:56,955,pickedup,Marketing,Finance,Internal,0.5,7.96
307,403,2026-05-10 08:45:38,874,pickedup,Transport,IT,Internal,0.5,7.28
440,392,2026-02-01 06:01:24,1701,pickedup,IT,Transport,Internal,0.5,14.18
388,408,2026-03-01 15:04:52,713,pickedup,Transport,IT,Internal,0.5,5.94
439,314,2026-03-05 22:28:54,59,pickedup,IT,Marketing,Internal,0.5,0.49
364,374,2026-08-11 16:03:42,0,notpickedup,Manufacturing,Finance,Internal,0.5,0.0
326,421,2026-04-13 22:27:48,1147,pickedup,Finance,Finance,Internal,0.5,9.56
351,495,2026-05-01 18:38:13,0,notpickedup,Manufacturing,Marketing,Internal,0.5,0.0
443,303,2026-04-08 20:35:21,513,pickedup,Marketing,Marketing,Internal,0.5,4.28
475,357,2026-05-26 09:45:16,0,notpickedup,Finance,Manufacturing,Internal,0.5,0.0
353,479,2026-04-09 05:35:36,485,pickedup,Finance,Manufacturing,Internal,0.5,4.04
437,430,2026-01-17 03:48:14,0,engaged,Finance,IT,Internal,0.5,0.0
455,388,2026-03-01 14:13:02,1559,pickedup,IT,Transport,Internal,0.5,12.99
430,482,2026-05-06 00:02:48,0,notpickedup,IT,IT,Internal,0.5,0.0
416,365,2026-05-08 14:34:46,0,engaged,Finance,Transport,Internal,0.5,0.0
348,343,2026-06-07 08:38:13,1619,pickedup,Manufacturing,Manufacturing,Internal,0.5,13.49
343,500,2026-02-04 23:57:05,1430,pickedup,Manufacturing,Finance,Internal,0.5,11.92
353,313,2026-01-11 16:34:38,1594,pickedup,Finance,Finance,Internal,0.5,13.28
342,395,2026-06-27 21:01:58,0,engaged,Finance,Transport,Internal,0.5,0.0
339,491,2026-05-20 00:31:53,0,notpickedup,Marketing,Manufacturing,Internal,0.5,0.0
456,421,2026-06-09 21:22:27,392,pickedup,Finance,Finance,Internal,0.5,3.27
371,430,2026-01-13 13:06:14,0,engaged,IT,IT,Internal,0.5,0.0
320,326,2026-02-25 03:32:43,1011,pickedup,Manufacturing,Finance,Internal,0.5,8.43
428,364,2026-04-14 01:42:57,445,pickedup,Marketing,Manufacturing,Internal,0.5,3.71
396,440,2026-08-03 14:32:49,1572,pickedup,Marketing,IT,Internal,0.5,13.1
408,391,2026-01-15 08:37:29,0,notpickedup,IT,Finance,Internal,0.5,0.0
326,339,2026-02-26 12:46:38,129,pickedup,Finance,Marketing,Internal,0.5,1.07
360,328,2026-01-27 13:44:25,0,engaged,IT,Transport,Internal,0.5,0.0
388,427,2026-03-10 17:13:21,514,pickedup,Transport,Manufacturing,Internal,0.5,4.28
437,422,2026-02-01 07:00:36,515,pickedup,Finance,Transport,Internal,0.5,4.29
326,327,2026-01-19 06:52:55,529,pickedup,Finance,Transport,Internal,0.5,4.41
318,430,2026-04-08 23:45:10,0,engaged,Transport,IT,Internal,0.5,0.0
314,303,2026-06-29 22:31:04,1253,pickedup,Marketing,Marketing,Internal,0.5,10.44
320,371,2026-06-16 07:39:35,1741,pickedup,Manufacturing,IT,Internal,0.5,14.51
466,416,2026-05-16 06:52:25,236,pickedup,Transport,Finance,Internal,0.5,1.97
353,437,2026-07-20 07:57:47,1134,pickedup,Finance,Finance,Internal,0.5,9.45
